Player,School,POS,REC,YDS,AVG,LNG,TD
Malik Nabers,LSU,WR,80,1424,17.8,51,12
Malik Washington,UVA,WR,96,1311,13.7,64,9
Caullin Lacy,USA,WR,80,1222,15.3,84,6
Troy Franklin,ORE,WR,68,1221,18.0,84,13
Rome Odunze,WASH,WR,66,1206,18.3,50,11
Ricky White,UNLV,WR,70,1189,17.0,82,7
Xavier Legette,SC,WR,65,1187,18.3,76,7
Luther Burden III,MIZ,WR,77,1142,14.8,56,8
LaJohntay Wester,FAU,WR,104,1128,10.8,76,8
Marvin Harrison Jr.,OSU,WR,62,1093,17.6,75,13
Brian Thomas Jr.,LSU,WR,55,1021,18.6,86,14
Kris Mitchell,FIU,WR,56,1002,17.9,80,7
Isaiah Williams,ILL,WR,76,998,13.1,67,5
Tetairoa McMillan,ARIZ,WR,69,976,14.1,55,9
Elijah Sarratt,JMU,WR,68,969,14.3,48,5
Joshua Cephus,UTSA,WR,76,966,12.7,84,9
Tahj Washington,USC,WR,52,963,18.5,76,6
Elic Ayomanor,STAN,WR,55,955,17.4,97,6
Reggie Brown,JMU,WR,48,952,19.8,80,8
Tory Horton,CSU,WR,87,950,10.9,76,7
Ricky Pearsall,FLA,WR,64,948,14.8,61,4
Ja'Lynn Polk,WASH,WR,55,943,17.1,92,8
Steven McBride,HAW,WR,57,942,16.5,65,8
Jalen Royals,USU,WR,61,934,15.3,71,12
Roc Taylor,MEM,WR,58,925,15.9,85,4
Kelly Akharaiyi,UTEP,WR,43,924,21.5,80,7
Xavier Weaver,COLO,WR,68,908,13.4,48,4
Javon Baker,UCF,WR,41,907,22.1,86,6
Malachi Corley,WKU,WR,69,906,13.1,75,10
Sean Atkins,USF,WR,79,900,11.4,88,4
Ja'Mori Maclin,UNT,WR,48,886,18.5,80,11
Xavier Restrepo,MIA,WR,68,876,12.9,48,5
Eric McAlister,BOIS,WR,47,873,18.6,83,5
Joey Hobert,TXST,WR,71,847,11.9,83,8
Sam Pinckney,CCU,WR,60,841,14.0,52,7
Xavier Worthy,TEX,WR,63,834,13.2,45,4
Tre Harris,MISS,WR,44,824,18.7,56,8
Luke McCaffrey,RICE,WR,56,822,14.7,51,11
Khaleb Hood,GASO,WR,84,822,9.8,43,4
CJ Daniels,LIB,WR,38,819,21.6,75,8
Josh Kelly,WSU,WR,53,817,15.4,51,7
Samuel Brown,HOU,WR,62,815,13.1,53,3
Tez Johnson,ORE,WR,59,805,13.6,77,9
Terrell Vaughn,USU,WR,75,805,10.7,76,10
Smoke Harris,LT,WR,83,796,9.6,64,4
Brenden Rice,USC,WR,45,791,17.6,75,12
Robert Lewis,GAST,WR,61,790,13.0,97,7
Demeer Blankumsee,MEM,WR,49,783,16.0,59,6
Cyrus Allen,LT,WR,46,778,16.9,85,4
Noah Smith,SHSU,WR,77,775,10.1,42,6
Jabre Barber,TROY,WR,54,774,14.3,52,5
Lincoln Victor,WSU,WR,78,772,9.9,50,4
Jacolby George,MIA,WR,49,762,15.6,85,7
Tejhaun Palmer,UAB,WR,45,760,16.9,70,6
Kyle Williams,WSU,WR,56,757,13.5,63,5
Drake Stoops,OU,WR,66,755,11.4,60,9
Dayton Wade,MISS,WR,50,755,15.1,58,4
Kobe Hudson,UCF,WR,33,755,22.9,75,7
Xzavier Henderson,CIN,WR,54,752,13.9,55,3
Pofele Ashlock,HAW,WR,76,751,9.9,53,9
Jamari Thrash,LOU,WR,50,741,14.8,85,6
Dallin Holker,CSU,TE,59,739,12.5,42,6
Ainias Smith,TA&M,WR,45,736,16.4,42,2
Jordan Watkins,MISS,WR,52,734,14.1,68,3
Andrew Armstrong,ARK,WR,52,724,13.9,48,4
Malachi Fields,UVA,WR,52,722,13.9,39,3
Jared Brown,CCU,WR,55,721,13.1,59,4
Jayden Higgins,ISU,WR,42,714,17.0,75,4
Elijhah Badger,ASU,WR,65,713,11.0,65,3
Daniel Jackson,MINN,WR,48,710,14.8,39,7
Justus Ross-Simmons,CSU,WR,42,694,16.5,75,3
Jordan Moore,DUKE,WR,51,688,13.5,49,7
Ashtyn Hawkins,TXST,WR,47,688,14.6,45,2
Anthony Simpson,MASS,WR,51,685,13.4,71,3
Jeshaun Jones,MD,WR,49,677,13.8,64,4
Will Pauling,WIS,WR,64,675,10.5,33,3
Jamaal Pritchett,USA,WR,45,675,15.0,50,6
Derwin Burgess Jr.,GASO,WR,65,674,10.4,68,5
Devontez Walker,UNC,WR,39,670,17.2,56,6
Adonai Mitchell,TEX,WR,43,669,15.6,47,9
Silas Bolden,ORST,WR,47,662,14.1,50,4
Brock Bowers,UGA,TE,51,661,13.0,49,6
Holden Willis,MTSU,WR,41,657,16.0,62,5
Brennan Presley,OKST,WR,67,656,9.8,29,5
Squirrel White,TENN,WR,54,654,12.1,83,2
KeAndre Lambert-Smith,PSU,WR,52,651,12.5,72,4
Kenneth Womack,WMU,WR,68,647,9.5,34,1
Jermaine Burton,ALA,WR,29,642,22.1,56,6
Erik Brooks,FRES,WR,49,641,13.1,49,5
Will Sheppard,VAN,WR,45,640,14.2,85,8
Bub Means,PITT,WR,35,636,18.2,75,5
Kevin Concepcion,NCSU,WR,57,636,11.2,72,8
Anthony Gould,ORST,WR,38,633,16.7,75,2
Jalil Farooq,OU,WR,40,630,15.8,49,2
Micah Davis,USU,WR,36,628,17.4,76,6
Nic Anderson,OU,WR,27,628,23.3,63,9
Gage Larvadain,M-OH,WR,36,625,17.4,99,6
Theo Wease Jr.,MIZ,WR,44,624,14.2,77,6
Monaray Baldwin,BAY,WR,38,623,16.4,71,4
Lideatrick Griffin,MSST,WR,45,620,13.8,65,4
Keon Coleman,FSU,WR,45,615,13.7,58,11
Travis Hunter,COLO,CB,49,614,12.5,47,4
Jalen Moss,FRES,WR,49,613,12.5,60,5
Roman Wilson,MICH,WR,37,612,16.5,47,10
Courtney Jackson,ARST,WR,34,610,17.9,60,6
Chrishon McCray,KENT,WR,41,610,14.9,42,4
Eric Singleton Jr.,GT,WR,43,610,14.2,58,6
Kaedin Robinson,APP,WR,45,609,13.5,39,8
Elijah Metcalf,MTSU,WR,52,606,11.7,71,6
Nick Nash,SJSU,WR,44,606,13.8,58,8
Jakarius Caston,USM,WR,32,606,18.9,80,6
Kaden Prather,MD,WR,40,604,15.1,43,5
Lawrence Keys III,TULN,WR,33,599,18.2,57,7
Donaven McCulley,IU,WR,43,596,13.9,69,5
J.J. Jones,UNC,WR,38,596,15.7,57,2
Rashod Owens,OKST,WR,46,595,12.9,45,1
Kole Wilson,TXST,WR,55,595,10.8,77,7
Devaughn Vele,UTAH,WR,43,593,13.8,68,3
Bryce Kirtz,NU,WR,40,589,14.7,80,4
Kamdyn Benjamin,TLSA,WR,41,584,14.2,51,5
Tai Felton,MD,WR,43,583,13.6,53,5
Jaylin Noel,ISU,WR,57,581,10.2,66,4
Chris Brazzell II,TULN,WR,36,577,16.0,39,3
Lawrence Arnold,KU,WR,35,576,16.5,80,3
Chris Lewis,TROY,WR,25,572,22.9,64,8
Jalon Calhoun,DUKE,WR,41,571,13.9,69,3
Sam Wiglusz,OHIO,WR,47,570,12.1,38,3
Chase Roberts,BYU,WR,41,569,13.9,59,5
Jeremiah Hunter,CAL,WR,50,568,11.4,50,5
Konata Mumpfield,PITT,WR,43,566,13.2,82,5
Lewis Bond,BC,WR,42,565,13.5,42,6
Naiem Simmons,USF,WR,33,564,17.1,53,4
Phillip Brooks,KSU,WR,50,563,11.3,40,5
Jahmal Banks,WAKE,WR,52,563,10.8,33,3
Logan Loya,UCLA,WR,49,562,11.5,49,4
Dalevon Campbell,NEV,WR,29,562,19.4,53,2
Tailique Williams,GAST,WR,42,561,13.4,78,5
Cam Johnson,NU,WR,43,560,13.0,52,4
Jerjuan Newton,TOL,WR,42,556,13.2,42,9
Jeremiah Ballard,UTEP,WR,34,551,16.2,50,1
Tyrone Howell,ULM,WR,47,550,11.7,46,7
Jimmy Horn Jr.,COLO,WR,56,549,9.8,45,6
Deion Burks,PUR,WR,40,542,13.6,84,7
Braden Smith,CIN,WR,40,542,13.6,48,4
Justin Joly,CONN,TE,50,542,10.8,59,2
Montorie Foster Jr.,MSU,WR,41,540,13.2,42,3
Ben Sinnott,KSU,TE,39,540,13.8,42,5
Jacob Cowing,ARIZ,WR,74,539,7.3,30,10
Bryson Nesbit,UNC,TE,38,537,14.1,62,5
Cade Stover,OSU,TE,38,534,14.1,49,5
Da'Quan Felton,VT,WR,35,534,15.3,70,6
Johnny Wilson,FSU,WR,33,532,16.1,44,2
Jasaiah Gathings,AKR,WR,50,532,10.6,39,1
Drake Dabney,BAY,TE,31,529,17.1,63,5
Colbie Young,MIA,WR,44,529,12.0,57,4
Dane Key,UK,WR,36,528,14.7,44,4
Caleb Medford,UNM,WR,29,526,18.1,59,2
Savion Williams,TCU,WR,38,525,13.8,42,4
Jaylin Lane,VT,WR,37,524,14.2,75,6
Pat Bryant,ILL,WR,38,523,13.8,46,6
Deshon Stoudemire,TROY,WR,37,518,14.0,51,1
Tykee Ogle-Kellogg,UTSA,WR,29,514,17.7,46,7
Miles Cross,OHIO,WR,40,514,12.9,35,4
Evan Stewart,TA&M,WR,38,514,13.5,44,4
Chase Sowell,ECU,WR,42,514,12.2,45,1
Corey Rucker,ARST,WR,26,511,19.7,68,0
Beaux Collins,CLEM,WR,38,510,13.4,69,3
Daniel George,AKR,WR,48,508,10.6,50,1
David Martin-Robinson,TEM,TE,38,506,13.3,47,4
Joseph Manjack IV,HOU,WR,42,503,12.0,49,6
JP Richardson,TCU,WR,42,502,12.0,59,3
Eugene Wilson III,FLA,WR,58,502,8.7,30,6
Devin Carter,WVU,WR,27,501,18.6,49,2
Tayvion Robinson,UK,WR,36,501,13.9,56,4
Cameron Ross,CONN,WR,41,500,12.2,46,2
Trond Grizzell,CAL,WR,33,498,15.1,54,5
Latreal Jones,USM,WR,36,498,13.8,43,3
Jonathan Brady,NMSU,WR,31,497,16.0,80,3
Devin McCuin,UTSA,WR,36,489,13.6,72,3
Dominic Lovett,UGA,WR,44,484,11.0,55,2
Jared Wiley,TCU,TE,39,481,12.3,81,6
Tyler Brown,CLEM,WR,46,479,10.4,47,4
Mac Dalena,FRES,WR,40,479,12.0,39,3
Amad Anderson Jr.,TEM,WR,30,478,15.9,74,1
Dante Wright,TEM,WR,33,477,14.5,71,4
Taylor Morin,WAKE,WR,34,477,14.0,61,2
Junior Vandeross III,TOL,WR,35,475,13.6,68,4
Harold Fannin Jr.,BGSU,TE,31,474,15.3,56,6
Tanner Knue,EMU,WR,48,472,9.8,39,3
Marcus Rosemy-Jacksaint,UGA,WR,29,472,16.3,50,4
Cornelius Johnson,MICH,WR,29,470,16.2,50,1
Xavier White,TTU,WR,31,470,15.2,72,1
Perry Carter,JVST,WR,27,469,17.4,63,3
Ramel Keyton,TENN,WR,28,469,16.8,60,4
Isaiah Bond,ALA,WR,34,467,13.7,52,3
Jaheim Bell,FSU,TE,36,465,12.9,49,2
Colston Loveland,MICH,TE,32,462,14.4,54,4
Trayvon Rudolph,NIU,WR,44,461,10.5,72,2
Ja'Tavion Sanders,TEX,TE,28,457,16.3,50,1
Christan Horn,APP,WR,27,456,16.9,52,5
Dalen Cobb,GASO,WR,29,456,15.7,76,2
Brett Buckman,CONN,WR,44,453,10.3,40,2
Casey Washington,ILL,WR,40,452,11.3,33,1
Roderic Burns,UNT,WR,39,450,11.5,42,4
Justin Olson,MTSU,WR,43,450,10.5,42,1
Jaelen Gill,FRES,WR,44,448,10.2,65,5
Kyren Lacy,LSU,WR,23,448,19.5,57,6
Jaylen Johnson,ECU,WR,42,447,10.6,39,1
Chris Tyree,ND,WR,24,446,18.6,76,3
Malik Rutherford,GT,WR,41,442,10.8,55,3
Tanner McLachlan,ARIZ,TE,35,440,12.6,36,2
Jeff Foreman,ARST,WR,21,440,21.0,46,4
Ta'ron Keith,BGSU,RB,42,440,10.5,58,3
Jake Bailey,SMU,WR,33,438,13.3,34,0
J. Michael Sturdivant,UCLA,WR,29,438,15.1,62,3
Louis Brown IV,CSU,WR,42,436,10.4,46,4
Quentin Skinner,KU,WR,23,435,18.9,49,2
Damon Ward,UNT,WR,34,434,12.8,59,5
Jeremiah Hixon,UNM,WR,35,433,12.4,59,5
Jesse Prewitt III,CMU,WR,30,432,14.4,70,4
Jerand Bradley,TTU,WR,36,431,12.0,34,4
Treon Sibley,LIB,WR,19,429,22.6,68,4
Mookie Cooper,MIZ,WR,34,429,12.6,41,0
Andrel Anthony,OU,WR,27,429,15.9,55,1
Nate McCollum,UNC,WR,39,428,11.0,48,1
Peter LeBlanc,UL,WR,28,427,15.3,87,4
Corey Dyches,MD,TE,47,427,9.1,44,1
Emeka Egbuka,OSU,WR,32,427,13.3,28,3
Amare Thomas,UAB,WR,49,427,8.7,49,3
Jacob De Jesus,UNLV,WR,41,426,10.4,48,2
Blake Watson,MEM,RB,46,424,9.2,63,2
Mitchell Evans,ND,TE,29,422,14.6,36,1
Jha'Quan Jackson,TULN,WR,24,421,17.5,48,4
Jacob Bernard,UL,WR,34,421,12.4,43,1
Jack Velling,ORST,TE,28,419,15.0,41,8
Ashton Jeanty,BOIS,RB,32,419,13.1,50,4
Ladd McConkey,UGA,WR,26,418,16.1,54,2
Kelby Williams,ODU,WR,22,417,19.0,78,2
Zae Baines,TEM,WR,33,415,12.6,60,1
Marlyn Johnson,BUFF,WR,36,415,11.5,80,4
Christian Dremel,RUTG,WR,32,415,13.0,69,3
Zavion Thomas,MSST,WR,34,415,12.2,35,1
London Humphreys,VAN,WR,19,413,21.7,56,4
Myles Price,TTU,WR,43,410,9.5,33,5
Chris Parker,CMU,WR,23,409,17.8,62,3
Tiger Bachmeier,STAN,WR,36,409,11.4,41,2
Dean Patterson,FIU,WR,26,407,15.7,40,1
Jake Briningstool,CLEM,TE,40,404,10.1,50,5
Matthew Golden,HOU,WR,38,404,10.6,39,6
Malik Phillips,SHSU,WR,32,402,12.6,41,1
Ketron Jackson Jr.,BAY,WR,25,401,16.0,55,0
Damien Alford,SYR,WR,25,401,16.0,35,1
Isaac Rex,BYU,TE,31,399,12.9,65,3
Devan Williams,TLSA,WR,29,399,13.8,42,2
Reymello Murphy,ODU,WR,23,399,17.3,61,2
Dalvin Smith,WKU,WR,37,398,10.8,45,3
RJ Maryland,SMU,TE,26,398,15.3,62,7
Dariyan Wiley,ULM,WR,23,397,17.3,68,2
Mason Fairchild,KU,TE,24,396,16.5,59,2
DeMarcus Harris,MRSH,WR,24,396,16.5,65,1
Tiaquelin Mims,USM,DB,35,396,11.3,37,1
Taj Davis,CAL,WR,38,393,10.3,27,3
Mark Pope,MASS,WR,30,391,13.0,54,1
George Johnson III,MASS,WR,32,391,12.2,32,3
Barion Brown,UK,WR,38,391,10.3,55,3
Darrell Harding Jr.,BUFF,WR,21,389,18.5,52,3
Rico Flores Jr.,ND,WR,26,387,14.9,60,1
Javon Harvey,ODU,WR,28,385,13.8,68,4
Tyson Davis,CMU,WR,24,385,16.0,67,4
Ke'Shawn Williams,WAKE,WR,38,384,10.1,34,1
Dean Connors,RICE,RB,38,384,10.1,80,3
Rara Thomas,UGA,WR,23,383,16.7,56,1
Jayden McGowan,VAN,WR,36,383,10.6,50,0
Wyatt Wieland,WYO,WR,35,382,10.9,40,5
TJ Sheffield,PUR,WR,32,381,11.9,43,2
Anthony Torres,TOL,TE,21,378,18.0,39,2
Easton Messer,WKU,WR,31,378,12.2,35,3
Corey Crooms Jr.,MINN,WR,28,376,13.4,32,0
Romello Brinson,SMU,WR,24,376,15.7,74,2
Bryson Green,WIS,WR,25,375,15.0,54,1
Umari Hatcher,SYR,WR,25,375,15.0,48,2
Jahdae Walker,TA&M,WR,23,373,16.2,40,2
Jaden Bray,OKST,WR,28,372,13.3,45,2
Leroy Thomas,WMU,WR,33,371,11.2,41,2
Hamze El-Zayat,EMU,WR,25,370,14.8,50,2
Gary Bryant Jr.,ORE,WR,25,370,14.8,71,3
Jermaine Brown Jr.,UAB,RB,40,369,9.2,55,1
Trent Hudson,NMSU,WR,23,369,16.0,78,7
Mark Redman,SDSU,TE,34,368,10.8,29,3
Rawson MacNeill,RICE,WR,25,368,14.7,38,2
Khafre Brown,USF,WR,22,366,16.6,84,4
Jairus Mack,CLT,WR,21,366,17.4,51,1
Chris Bell,LOU,WR,23,365,15.9,48,2
Darius Lassiter,BYU,WR,29,365,12.6,47,4
Makai Jackson,APP,WR,20,365,18.3,67,2
Kyle Maxwell,LT,WR,20,363,18.1,47,2
Bucky Irving,ORE,RB,43,362,8.4,42,1
Tony Johnson,FAU,WR,35,362,10.3,72,3
Jordan Hudson,SMU,WR,25,361,14.4,67,6
Mekhi Shaw,SDSU,WR,27,359,13.3,69,2
DeQuece Carter,IU,WR,25,357,14.3,90,2
Colin Weber,CLT,TE,32,357,11.2,45,0
Trey Cleveland,UNT,WR,24,354,14.8,33,3
Devonte Ross,TROY,WR,33,353,10.7,38,3
Germie Bernard,WASH,WR,27,351,13.0,36,1
Robert Williams,UL,WR,29,351,12.1,60,4
Jalin Conyers,ASU,TE,27,351,13.0,50,0
Michael Brown-Stephens,USF,WR,27,350,13.0,38,2
Rivaldo Fairweather,AUB,TE,33,349,10.6,53,6
Jack Hestera,CLT,WR,28,349,12.5,37,3
Blair Conwright,UNT,WR,23,348,15.1,43,2
Trell Harris,KENT,WR,23,348,15.1,43,1
Jack Endries,CAL,TE,29,348,12.0,32,2
Jaylon Robinson,TCU,WR,29,347,12.0,29,1
Kole Taylor,WVU,TE,29,347,12.0,43,4
Terrance Ferguson,ORE,TE,33,347,10.5,33,3
Carl Chester,TLSA,WR,17,347,20.4,57,1
JaQuae Jackson,RUTG,WR,21,347,16.5,61,1
Qian Magwood,BALL,WR,38,346,9.1,32,1
Jordan Whittington,TEX,WR,30,346,11.5,31,1
Joseph Griffin Jr.,BC,WR,25,345,13.8,38,1
Dashaun Davis,APP,WR,27,344,12.7,57,3
Isiah Paige,ODU,WR,35,342,9.8,26,1
A.J. Henning,NU,WR,35,341,9.7,41,3
Landon Ransom-Goelz,RICE,WR,23,341,14.8,44,3
Luke Grimm,KU,WR,26,339,13.0,48,3
Odieu Hiliare,BGSU,WR,31,338,10.9,32,2
Dominick Blaylock,GT,WR,21,337,16.0,53,2
Jameson Tucker,CCU,WR,16,337,21.1,51,3
D.J. Washington,UNM,WR,27,333,12.3,35,3
Ahmad Edwards,BALL,WR,27,332,12.3,57,1
Joe Wilkins Jr.,M-OH,WR,24,332,13.8,49,1
Jared Roznos,AFA,WR,11,332,30.2,84,2
Tyler Walton,OHIO,WR,35,331,9.5,27,2
Dalton Stroman,APP,WR,17,331,19.5,77,3
Tre Watson,FRES,TE,33,331,10.0,28,4
Abdur-Rahmaan Yaseen,PUR,WR,25,329,13.2,30,0
Koby Drake,MEM,WR,31,328,10.6,24,2
Noah Thomas,TA&M,WR,25,327,13.1,34,5
Eli Stowers,NMSU,QB,29,326,11.2,32,2
Gavin Bartholomew,PITT,TE,18,326,18.1,60,1
Marquis Johnson,MIZ,WR,11,324,29.5,76,3
JB Mitchell III,EMU,WR,28,323,11.5,50,1
Luke Floriea,KENT,WR,30,322,10.7,43,3
Benjamin Brahmer,ISU,TE,25,320,12.8,48,2
Eli Heidenreich,NAVY,RB,14,320,22.9,69,4
Jordan Kerley,SMU,WR,18,319,17.7,59,2
Kacper Rutkiewicz,NIU,WR,21,319,15.2,64,2
Ayir Asante,WYO,WR,18,317,17.6,66,5
Roderick Daniels Jr.,SMU,WR,19,317,16.7,91,4
Preston Fox,WVU,WR,23,317,13.8,34,2
Isaac TeSlaa,ARK,WR,32,317,9.9,36,2
John Michael Gyllenborg,WYO,TE,19,316,16.6,89,3
Jayce Brown,KSU,WR,17,316,18.6,46,2
Anthony Sambucci,WMU,WR,20,315,15.8,64,5
Lorenzo Lingard,AKR,RB,33,314,9.5,77,1
Eric Rivers,FIU,WR,27,314,11.6,48,0
Leon Johnson III,OKST,WR,18,314,17.4,67,1
Al'vonte Woodard,SHSU,WR,28,312,11.1,26,2
Trey Knox,SC,TE,36,312,8.7,22,2
Dominick Mazotti,SJSU,TE,22,311,14.1,44,2
Jalen McMillan,WASH,WR,20,311,15.6,39,3
Zachariah Branch,USC,WR,29,311,10.7,36,2
Hudson Clement,WVU,WR,13,311,23.9,70,4
Caleb Coombs,MRSH,WR,39,310,7.9,24,2
Blake Bosma,WMU,TE,18,310,17.2,58,2
Harvey Broussard,UL,WR,23,310,13.5,51,2
Christian Leary,GT,WR,25,309,12.4,44,2
Donovan Brown,SYR,WR,25,309,12.4,86,1
Boden Groen,RICE,TE,31,309,10.0,31,1
Wesley Grimes,WAKE,WR,17,308,18.1,49,2
Duce Robinson,USC,WR,15,307,20.5,71,1
Mario Williams,USC,WR,29,305,10.5,29,2
Key'Shawn Smith,SMU,WR,19,305,16.1,43,2
Spencer Curtis,NEV,WR,25,303,12.1,73,1
Jack Westover,WASH,TE,32,303,9.5,28,4
Stephen Gosnell,VT,WR,21,303,14.4,39,2
Dae'Quan Wright,VT,TE,25,302,12.1,33,0
Maliq Carr,MSU,TE,28,301,10.8,36,3
Jay Fair,AUB,WR,30,300,10.0,36,2
Erick All,IOWA,TE,21,299,14.2,34,3
DJ England-Chisolm,MTSU,WR,23,299,13.0,72,3
Skyler Bell,WIS,WR,38,297,7.8,30,1
Jsi Hatfield,ECU,WR,25,296,11.8,39,0
Jayden Gibson,OU,WR,11,296,26.9,55,4
Traeshon Holden,ORE,WR,29,293,10.1,60,4
Kevin Coleman,LOU,WR,21,292,13.9,58,2
Money Parks,UTAH,WR,29,291,10.0,70,2
Bugs Mortimer,ULM,WR,15,291,19.4,54,0
Grayson Barnes,NIU,WR,16,291,18.2,58,3
Brionne Penny,SDSU,WR,24,290,12.1,36,1
Cole Harrity,BUFF,WR,34,290,8.5,29,3
Billy Kemp IV,NEB,WR,31,289,9.3,34,1
Neal Johnson,UL,TE,26,289,11.1,40,3
Dylan Goffney,CSU,WR,21,289,13.8,42,2
Arlis Boardingham,FLA,TE,26,289,11.1,25,4
Phoenix Sproles,JMU,WR,36,288,8.0,32,3
Tre Mosley,MSU,WR,28,288,10.3,30,2
Charles Ross,SJSU,WR,22,287,13.0,35,1
Austin Osborne,BGSU,WR,26,286,11.0,42,0
Boobie Curry,BUFF,WR,27,286,10.6,48,1
Treyton Welch,WYO,TE,27,286,10.6,32,2
Kaleo Ballungay,UNLV,TE,15,286,19.1,84,2
Jonathon Brooks,TEX,RB,25,286,11.4,73,1
Cameron Skattebo,ASU,RB,24,286,11.9,66,1
DJ Giddens,KSU,RB,28,286,10.2,61,2
Cam Camper,IU,WR,17,285,16.8,41,1
Tru Edwards,LT,WR,23,284,12.3,36,2
Marquis Shoulders,TLSA,WR,16,283,17.7,80,5
Sam Roush,STAN,TE,27,283,10.5,31,0
Coy Eakin,TTU,WR,25,283,11.3,43,1
Chimere Dike,WIS,WR,17,282,16.6,41,1
Kobe Paysour,UNC,WR,22,282,12.8,77,3
Daejon Reynolds,PITT,WR,24,282,11.8,31,0
Montana Lemonious-Craig,ARIZ,WR,26,282,10.8,39,3
Jonah Coleman,ARIZ,RB,23,282,12.3,69,1
Kobe Prentice,ALA,WR,16,282,17.6,79,2
Ahmari Huggins-Bruce,LOU,WR,17,281,16.5,55,3
Cade McDonald,M-OH,WR,21,281,13.4,42,2
Amari Niblack,ALA,TE,16,280,17.5,39,4
Gino Campiotti,MASS,TE,20,279,13.9,30,3
Troy Stellato,CLEM,WR,34,279,8.2,18,1
Milan Tucker,APP,WR,19,278,14.6,69,1
Javon Tracy,M-OH,WR,16,278,17.4,52,2
Je'Quan Burton,FAU,WR,24,277,11.5,39,2
Tanner Koziol,BALL,TE,33,277,8.4,26,3
Alex Perry,HAW,WR,24,277,11.5,38,3
Moochie Dixon,SMU,WR,17,276,16.2,52,2
Dorian Singer,USC,WR,23,276,12.0,44,3
Anthony Queeley,GASO,WR,28,275,9.8,18,3
Caden Prieskorn,MISS,TE,16,275,17.2,35,1
Roman Hemby,MD,RB,32,274,8.6,37,2
Xavier Townsend,UCF,WR,26,274,10.5,37,2
Tyler Warren,PSU,TE,27,273,10.1,23,6
Larry Stephens,TOL,WR,22,272,12.4,28,2
Ja'Varrius Johnson,AUB,WR,15,271,18.1,45,2
Michael Wiley,ARIZ,RB,26,271,10.4,40,4
Billy Bowens,BOIS,WR,20,269,13.4,52,1
Tobias Merriweather,ND,WR,13,268,20.6,75,2
Jamaal Bell,NEV,WR,31,267,8.6,77,1
Omar Cooper Jr.,IU,WR,18,267,14.8,35,2
Theo Johnson,PSU,TE,28,266,9.5,34,5
Ray Davis,UK,RB,25,266,10.6,58,5
Sean Brown,JVST,TE,17,266,15.6,58,5
Isaiah Alston,ARMY,WR,9,266,29.6,70,2
Dino Tomlin,BC,WR,21,264,12.6,52,0
Senika McKie,UNLV,WR,19,264,13.9,28,0
Noah Frith,LIB,WR,12,263,21.9,55,2
Brashard Smith,MIA,WR,22,263,12.0,54,2
Moose Muhammad III,TA&M,WR,22,263,12.0,49,2
Dalton Carnes,HOU,WR,20,263,13.1,41,1
Landon Sides,UNT,WR,24,263,11.0,39,2
Lake McRee,USC,TE,26,262,10.1,31,1
Ollie Gordon II,OKST,RB,29,262,9.0,50,1
Joseph Scates,MEM,WR,26,261,10.0,47,4
Jaron Glover,MSU,WR,14,261,18.6,33,0
Austin Hence,WMU,TE,24,261,10.9,32,3
Tauskie Dove,MEM,WR,17,260,15.3,54,1
Koali Nishigaya,HAW,WR,33,260,7.9,29,1
Carnell Tate,OSU,WR,17,260,15.3,55,1
Dylan Edwards,COLO,RB,32,260,8.1,75,3
Oscar Cardenas,UTSA,TE,28,259,9.3,28,1
Chamon Metayer,CIN,TE,23,258,11.2,35,5
Carlos Hernandez,WSU,WR,24,258,10.8,48,0
Quali Conley,SJSU,RB,22,257,11.7,61,0
Ahmarean Brown,SC,WR,25,256,10.2,44,1
John Gentry,SHSU,RB,30,256,8.5,56,2
Jayden Harrison,MRSH,WR,21,255,12.1,35,1
Kyle Morlock,FSU,TE,19,255,13.4,63,0
Jjay Mcafee,GASO,TE,26,255,9.8,32,3
Zach Horton,JMU,TE,24,255,10.6,66,5
Eli Wilson,APP,TE,25,253,10.1,32,4
Luke Hasz,ARK,TE,16,253,15.8,59,3
Marion Lukes,CMU,RB,27,252,9.3,23,0
Noah Short,ARMY,WR,18,252,14.0,80,2
Nick Cenacle,HAW,WR,23,252,11.0,52,1
Jayden Thomas,ND,WR,17,251,14.8,39,1
Thomas Fidone II,NEB,TE,23,251,10.9,29,4
Mason Taylor,LSU,TE,27,251,9.3,22,1
O'Mega Blake,SC,WR,19,250,13.2,41,2
Jordan Smith,TEM,TE,22,249,11.3,22,4
Cooper Mathers,WSU,TE,20,249,12.4,39,1
Ismail Mahdi,TXST,RB,17,249,14.6,89,1
Jordan Brown,TTU,WR,21,248,11.8,46,1
Jalen Bracey,FIU,WR,24,247,10.3,45,1
Warren Thompson,TCU,WR,19,246,12.9,33,2
Michael Harrison,COLO,TE,29,246,8.5,21,5
Jadon Jackson,KSU,WR,17,244,14.4,40,2
Anthony Landphere,MEM,TE,26,242,9.3,21,2
Moliki Matavao,UCLA,TE,10,242,24.2,35,2
Mikey Matthews,UTAH,WR,27,242,9.0,40,0
Darryle Simmons,MRSH,WR,23,241,10.5,31,0
Stefan Cobbs,BOIS,WR,23,241,10.5,40,1
Munir McClain,UTAH,WR,13,241,18.5,49,2
Kahleil Jackson,FLA,WR,20,241,12.1,45,1
Will Kacmarek,OHIO,TE,21,241,11.5,36,2
Junior Sherrill,VAN,WR,16,241,15.1,52,2
Isaiah Washington,RUTG,WR,21,240,11.4,24,1
Yulkeith Brown,TULN,WR,22,240,10.9,37,1
Benjamin Yurosek,STAN,TE,16,239,14.9,32,1
John Jackson III,NEV,WR,32,239,7.5,33,0
Garrett Miller,PUR,TE,29,237,8.2,28,2
Alex Bauman,TULN,TE,29,237,8.2,39,5
Jaden Greathouse,ND,WR,15,237,15.8,48,4
Montrell Johnson Jr.,FLA,RB,30,236,7.9,19,1
Ryan O'Keefe,BC,WR,23,235,10.2,38,1
Daniel Jackson,ISU,WR,14,235,16.8,39,2
Jaylin Lucas,IU,RB,33,235,7.1,44,2
Joshua Simon,SC,TE,26,234,9.0,33,2
Fred Farrier II,UAB,WR,17,234,13.8,67,0
Omarion Miller,COLO,WR,11,234,21.3,65,1
Malikhi Miller,SJSU,WR,19,233,12.3,25,1
Jimmy Calloway,LOU,WR,18,233,12.9,34,0
Oscar Delp,UGA,TE,19,233,12.3,41,3
Drae McCray,TTU,WR,24,233,9.7,44,2
MarShawn Lloyd,USC,RB,13,232,17.8,54,0
RJ Harvey,UCF,RB,17,231,13.6,50,2
Marcus Carroll,GAST,RB,22,231,10.5,49,0
Jordan Smart,UNT,WR,19,230,12.1,59,1
Chris Bellamy,NMSU,WR,15,230,15.3,52,1
Darvon Hubbard,TEM,RB,24,229,9.5,37,0
River Helms,WKU,TE,15,229,15.3,63,3
Bryce Damous,UAB,TE,22,228,10.4,42,3
Jesiah Irish,ORST,WR,13,227,17.5,38,1
Baylin Brooks,SDSU,WR,13,227,17.5,37,1
Torrance Burgess Jr.,UTEP,RB,17,227,13.4,51,0
Brevyn Spann-Ford,MINN,TE,23,226,9.8,31,2
Quinton Lane,JVST,WR,21,226,10.8,30,1
Xavier Guillory,ASU,WR,21,226,10.8,47,1
Christian Fitzpatrick,MSU,WR,15,225,15.0,72,1
Donovan Edwards,MICH,RB,24,225,9.4,37,0
Nakia Watson,WSU,RB,20,224,11.2,37,3
Dont'e Thornton Jr.,TENN,WR,13,224,17.2,47,1
Kyre Duplessis,CCU,WR,14,223,15.9,64,1
T.J. Jones,UAB,WR,15,222,14.8,72,2
Hal Presley,BAY,WR,17,222,13.1,47,0
Jordin Parker,NMSU,WR,5,222,44.4,63,3
Prince Strachan,BOIS,WR,8,222,27.8,74,2
Andrew Erickson,UNM,WR,17,221,13.0,52,1
Justin Robinson,MSST,WR,18,221,12.3,30,0
Ja'Khi Douglas,FSU,WR,11,220,20.0,62,0
Elijah Smoot,LIB,WR,10,219,21.9,42,2
McCallan Castles,TENN,TE,18,218,12.1,43,3
Ron Cook Jr.,BUFF,RB,28,218,7.8,26,1
Jake Johnson,TA&M,TE,22,218,9.9,28,3
Joseph Himon II,NU,RB,15,218,14.5,85,1
Bhayshul Tuten,VT,RB,24,218,9.1,30,2
Bru McCoy,TENN,WR,17,217,12.8,55,1
Jacari Carter,GAST,WR,30,217,7.2,23,0
Dillon Bell,UGA,WR,19,217,11.4,24,2
Duane Thomas Jr.,CLT,WR,22,217,9.9,51,0
Ian Strong,RUTG,WR,15,216,14.4,29,2
John Copenhaver,UNC,TE,13,215,16.5,40,3
Kendall Karr,CCU,TE,19,215,11.3,32,4
Cade Conley,MRSH,TE,23,215,9.3,27,1
Trey Benson,FSU,RB,17,214,12.6,80,1
Devin Neal,KU,RB,24,214,8.9,59,1
Nico Ragaini,IOWA,WR,24,213,8.9,29,0
Abdul-Fatai Ibrahim,BGSU,WR,19,213,11.2,33,2
NyNy Davis,ULM,WR,26,213,8.2,51,2
Julian Fleming,OSU,WR,23,212,9.2,37,0
Jaden Alexis,USF,WR,20,212,10.6,40,1
AJ Barner,MICH,TE,19,211,11.1,22,1
Brandon Chatman,NAVY,RB,13,211,16.2,58,0
Dante Cephas,PSU,WR,19,210,11.1,26,2
TreVeyon Henderson,OSU,RB,16,210,13.1,65,0
Dee Wiggins,CIN,WR,16,209,13.1,39,1
Javon Antonio,COLO,WR,17,209,12.3,43,2
Randy Pittman,UCF,TE,18,209,11.6,39,1
Broc Lane,USU,TE,21,208,9.9,27,1
Bryce Kennon,CLT,TE,16,208,13.0,36,1
Stephon Johnson,HOU,WR,18,208,11.6,49,2
Zack Dobson,MTSU,WR,16,207,12.9,72,2
Melquan Stovall,ASU,WR,18,207,11.5,34,0
Parker Kingston,BYU,WR,19,207,10.9,42,1
Kody Epps,BYU,WR,16,206,12.9,30,0
Ryan Davis,UNM,WR,17,206,12.1,41,1
Larry McCammon,FAU,RB,25,205,8.2,55,0
Rasheen Ali,MRSH,RB,26,205,7.9,65,1
Casey Reynolds,ARMY,WR,13,205,15.8,69,0
Omarion Hampton,UNC,RB,24,204,8.5,29,1
Kaelon Black,JMU,RB,21,204,9.7,34,3
Will Shipley,CLEM,RB,25,203,8.1,36,2
Jaylon Jackson,EMU,RB,19,203,10.7,68,1
Sione Vaki,UTAH,S,11,203,18.5,53,3
Bentley Hanshaw,LIB,TE,17,202,11.9,24,5
Keelan Marion,BYU,WR,18,201,11.2,37,0
EJ Horton,WVU,WR,10,201,20.1,45,1
Jawhar Jordan,LOU,RB,15,200,13.3,75,1
Braylen Walker,RICE,WR,13,200,15.4,36,2
Jaedon Wilson,ARK,WR,15,199,13.3,65,2
Adam Randall,CLEM,WR,16,199,12.4,34,0
Kimani Vidal,TROY,RB,17,198,11.6,44,1
Jordan Dingle,UK,TE,11,198,18.0,59,0
De'Zhaun Stribling,OKST,WR,14,198,14.1,30,1
Davis Patterson,NIU,WR,16,197,12.3,28,0
Kairee Robinson,SJSU,RB,16,197,12.3,63,2
Malique Dieudonne,WMU,WR,20,197,9.9,39,0
LeQuint Allen,SYR,RB,35,197,5.6,26,1
Max Klare,PUR,TE,22,196,8.9,27,0
Samario Rudolph,UAB,WR,24,195,8.1,18,1
Adam Jones,ARST,WR,11,195,17.7,55,1
Nyck Harbor,SC,WR,12,195,16.3,45,1
Terrell Timmons Jr.,NCSU,WR,11,195,17.7,47,0
Jake Roberts,BAY,TE,22,194,8.8,21,1
Sahmir Hagans,DUKE,WR,23,194,8.4,19,0
Duece Jones,UNM,WR,8,194,24.3,78,1
Josh Cameron,BAY,WR,19,193,10.2,24,0
Caleb McMillan,MRSH,WR,13,192,14.8,75,1
Traylon Ray,WVU,WR,13,192,14.8,49,1
Antonio Williams,CLEM,WR,17,192,11.3,33,2
Cody Schrader,MIZ,RB,22,191,8.7,43,0
Keagan Johnson,KSU,WR,20,191,9.6,20,2
Tyrell Henry,MSU,WR,23,191,8.3,28,3
Tyrin Smith,UTEP,WR,19,191,10.1,24,1
Octavian Smith Jr.,MD,WR,20,190,9.5,31,1
Nolan Quinlan,ULM,TE,14,189,13.5,41,1
Peny Boone,TOL,RB,12,189,15.8,47,1
Alex Adams,AKR,WR,22,188,8.5,29,2
Jimmy Holiday,WKU,WR,14,188,13.4,38,1
Tip Reiman,ILL,TE,16,188,11.8,42,3
Jaden Williams,BC,WR,12,188,15.7,47,1
Terrance Carter,UL,TE,22,188,8.5,35,3
Semaj Morgan,MICH,WR,16,188,11.8,35,2
Dylan Wright,TCU,WR,11,187,17.0,36,2
Jameel Gardner Jr.,KENT,WR,21,187,8.9,40,0
Justin Holmes,KENT,TE,19,187,9.8,41,0
Bryce Farrell,STAN,WR,19,186,9.8,26,1
Elijah Young,WKU,RB,13,186,14.3,72,2
Carsen Ryan,UCLA,RB,11,186,16.9,45,3
Alex Bullock,NEB,WR,13,186,14.3,34,1
Josiah Freeman,FRES,WR,15,186,12.4,29,0
Aaron Bedgood,LIB,WR,17,185,10.9,29,2
Lawrance Toafili,FSU,RB,21,185,8.8,41,1
Troy Omeire,ASU,WR,17,185,10.9,30,2
RJ Garcia II,KSU,WR,14,184,13.1,44,1
Geordon Porter,CONN,WR,19,183,9.6,28,1
Jaylon Barden,GASO,WR,16,183,11.4,43,1
Reagan Ealy,ARST,WR,18,182,10.1,33,1
Dallas Payne,UAB,TE,17,182,10.7,31,0
Devin Culp,WASH,TE,14,181,12.9,30,2
Alec Holler,UCF,TE,17,181,10.6,38,2
Keyon Lesane,NCSU,WR,23,181,7.9,38,0
Trent Pennix,NCSU,TE,14,179,12.8,62,3
Jonah Panoke,HAW,WR,18,179,9.9,24,1
E.J. Williams Jr.,IU,WR,17,179,10.5,27,0
Kobe Pace,UVA,RB,16,179,11.2,75,3
Keleki Latu,NEV,TE,14,179,12.8,30,0
Christion Carter,NIU,TE,12,178,14.8,33,2
Dawson Pendergrass,BAY,RB,22,178,8.1,26,2
Dominic Dutton,ODU,WR,6,178,29.7,58,4
Star Thomas,NMSU,RB,17,177,10.4,21,2
Kenan Christon,SDSU,RB,26,176,6.8,16,1
Marcus Washington,NEB,WR,8,176,22.0,56,0
Holden Staes,ND,TE,15,176,11.7,40,4
Ahmarian Granger,ODU,WR,12,176,14.7,40,1
Patrick Herbert,ORE,TE,13,175,13.5,49,3
Major Everhart,TCU,WR,17,175,10.3,22,0
Dylan Sampson,TENN,RB,17,175,10.3,37,1
Ryan Rivera,LT,TE,13,174,13.4,21,0
Kyron Hudson,USC,WR,15,173,11.5,33,1
Trevor Etienne,FLA,RB,18,173,9.6,41,1
Greg Desrosiers Jr.,MASS,RB,13,173,13.3,40,2
Josiah Norwood,UCLA,WR,11,172,15.6,81,2
Trevor Wilson,KU,WR,10,172,17.2,58,2
Mudia Reuben,STAN,WR,13,172,13.2,38,0
Keaton Upshaw,GASO,TE,15,171,11.4,27,2
Gunnar Helm,TEX,TE,11,171,15.5,31,2
Jaylen Lloyd,NEB,WR,5,171,34.2,73,2
Austin Stogner,OU,TE,15,170,11.3,35,1
Ty Washington,ARK,TE,11,170,15.5,34,2
Colby Bowman,USU,WR,7,169,24.1,63,2
Christian Wells,MASS,WR,11,169,15.4,68,1
Bradley Rozner,NCSU,WR,16,169,10.6,21,2
Drew Donley,TXST,WR,11,169,15.4,42,1
Braydon Bennett,CCU,RB,18,168,9.3,63,0
Nik McMillan,BUFF,WR,12,168,14.0,33,1
Alred Luke,ULM,WR,15,168,11.2,36,0
Tyler Foster,OHIO,TE,15,167,11.1,50,0
Quincy Skinner Jr.,VAN,WR,15,167,11.1,34,2
Dan Villari,SYR,TE,19,167,8.8,37,2
Charles Robertson,UL,WR,14,167,11.9,43,0
Kordell David,NMSU,WR,15,167,11.1,24,1
Josh Williams,LSU,RB,10,166,16.6,45,1
Isaac Guerendo,LOU,RB,14,165,11.8,25,0
Lincoln Sefcik,USA,TE,17,165,9.7,24,1
Josh Cuevas,WASH,TE,4,164,41.0,57,1
Kam Brown,UCLA,WR,13,163,12.5,67,1
Julian Gray,NCSU,WR,15,163,10.9,64,1
Brett Norfleet,MIZ,TE,14,163,11.6,27,1
Finn Hogan,BGSU,WR,11,163,14.8,50,1
Frank Gore Jr.,USM,RB,22,162,7.4,30,3
Edward Saydee,TEM,RB,17,161,9.5,17,2
Harrison Wallace III,PSU,WR,15,161,10.7,21,0
Marlion Jackson,LT,WR,12,161,13.4,30,0
Emani Bailey,TCU,RB,21,160,7.6,24,0
CJ Dippre,ALA,TE,8,160,20.0,45,0
Ty Son Lawton,JMU,RB,18,159,8.8,20,1
Chuck Montgomery,MRSH,WR,14,159,11.4,19,1
Elijah Sohn,SHSU,TE,15,159,10.6,28,2
Willie McCoy,UTSA,WR,17,159,9.4,20,2
Kamari Morales,UNC,TE,11,158,14.4,55,0
Cameron Hite,WAKE,TE,12,158,13.2,69,2
Jeremy Tate Jr.,MTSU,WR,11,157,14.3,40,2
Isaiah Jones,SYR,WR,8,157,19.6,44,2
Easton Dean,ISU,TE,15,156,10.4,66,2
Josiah Miamen,FIU,TE,14,156,11.1,38,0
Craig Burt Jr.,WKU,WR,19,156,8.2,27,2
DJ Thomas-Jones,USA,TE,15,156,10.4,33,0
Kevin Davis,M-OH,RB,13,155,11.9,46,1
Nicholas Singleton,PSU,RB,20,154,7.7,28,1
Jo'Quavious Marks,MSST,RB,19,153,8.1,32,2
Rocky Beers,FIU,TE,15,153,10.2,32,0
Kyle Ford,UCLA,WR,13,152,11.7,37,0
Shawn Harris Jr.,MASS,WR,16,152,9.5,24,0
Mason Tharp,TTU,TE,14,152,10.9,28,3
Tyler Morris,MICH,WR,11,152,13.8,26,0
Dominic Richardson,BAY,RB,20,151,7.6,18,1
Jeremiah Franklin,BC,TE,11,151,13.7,30,1
Mario Anderson,SC,RB,19,151,7.9,20,1
TJ Banks,AKR,TE,19,150,7.9,21,1
Marquez Cooper,BALL,RB,16,150,9.4,26,0
Ryan Marquez,WYO,WR,11,150,13.6,44,1
Mason Pierce,MRSH,WR,15,150,10.0,23,0
John Adams,TEM,WR,15,149,9.9,31,2
Freddie Roberson,MSST,WR,11,149,13.5,36,1
Kobie Campbell,RICE,WR,9,149,16.6,70,1
Jamal Haynes,GT,RB,19,149,7.8,46,1
Blake Daniels,EMU,TE,13,149,11.5,37,0
Yusuf Terry,USF,WR,6,148,24.7,50,1
Griffin Moore,ILL,TE,11,148,13.5,46,1
Landen King,UTAH,TE,13,148,11.4,28,3
Jalen Hale,ALA,WR,5,148,29.6,51,1
C.J. Williams,WIS,WR,15,148,9.9,20,0
Jax Sherrard,SHSU,TE,12,147,12.3,44,1
Mekhi Miller,MIZ,WR,10,147,14.7,31,1
Jacoby Jones,OHIO,WR,8,147,18.4,42,0
Cade Harris,AFA,WR,3,147,49.0,65,1
Josiah Johnson,OKST,TE,19,146,7.7,29,1
Michael Jackson III,USC,WR,17,146,8.6,16,1
Jalen Buckley,WMU,RB,16,146,9.1,49,0
CJ Beasley,CCU,RB,14,145,10.4,26,0
JoJo Earle,TCU,WR,12,145,12.1,24,1
Moussa Barry,WKU,WR,9,145,16.1,51,1
Isaiah Hamilton,WSU,WR,13,144,11.1,39,1
Chris Hilton Jr.,LSU,WR,9,144,16.0,47,1
La'Damian Webb,USA,RB,24,144,6.0,19,1
Hudson Habermehl,UCLA,TE,7,142,20.3,45,2
Audric Estime,ND,RB,17,142,8.4,22,0
Devin Mockobee,PUR,RB,18,142,7.9,25,0
Sackett Wood Jr.,UVA,TE,9,141,15.7,28,0
Seth Anderson,IOWA,WR,10,141,14.1,36,1
Mekhi Mews,UGA,WR,12,141,11.8,54,1
Chas Nimrod,TENN,WR,13,141,10.8,39,1
Jordan Faison,ND,WR,11,141,12.8,36,2
Jaydn Ott,CAL,RB,20,140,7.0,48,2
Dimitri Stanley,ISU,WR,15,139,9.3,32,0
Reese Clark,TEM,TE,17,139,8.2,28,1
Bryce Pierre,ASU,TE,17,139,8.2,20,0
Xavier Johnson,OSU,WR,10,138,13.8,40,0
Rweha Munyagi Jr.,ORST,WR,6,137,22.8,37,1
George Holani,BOIS,RB,14,137,9.8,39,0
Sieh Bangura,OHIO,RB,18,137,7.6,29,1
Malik Sherrod,FRES,RB,30,137,4.6,29,1
Jhari Patterson,ECU,WR,19,137,7.2,30,0
Markeston Douglas,FSU,TE,11,136,12.4,42,2
Bryce Childress,NMSU,WR,6,136,22.7,75,1
Tychaun Chapman,UNC,WR,7,135,19.3,45,1
Dillon Johnson,WASH,RB,17,135,7.9,20,0
Miles Marshall,M-OH,WR,9,134,14.9,38,0
Nicky Dalmolin,DUKE,TE,11,134,12.2,21,0
Porter Rooks,NCSU,WR,11,134,12.2,24,0
Diante Vines,IOWA,WR,12,134,11.2,36,1
Ja'Cyais Credle,GAST,WR,13,134,10.3,41,0
K.D. Hutchinson,WKU,WR,18,134,7.4,35,0
Jalen Johnson,NIU,WR,15,134,8.9,24,1
Bobby Golden,AKR,WR,16,134,8.4,22,0
Shane Hooks,AUB,WR,9,133,14.8,32,2
Sam Olson,SJSU,TE,12,133,11.1,29,1
Caleb Burton III,AUB,WR,10,133,13.3,45,0
Michael Pettway,JVST,WR,12,133,11.1,37,1
Caleb Douglas,FLA,WR,11,133,12.1,34,1
Jaylen Wright,TENN,RB,21,132,6.3,20,0
Chase Curtis,TCU,TE,15,132,8.8,36,1
Jaiden Credle,MTSU,RB,22,132,6.0,17,1
Luke Lachey,IOWA,TE,10,131,13.1,35,0
Monroe Young,CAL,WR,12,130,10.8,34,0
Isaac Jernagin,SJSU,WR,11,130,11.8,42,1
Chandler Pittman,USM,RB,16,130,8.1,31,0
Quinshon Judkins,MISS,RB,18,130,7.2,25,1
Tyrone Tracy Jr.,PUR,RB,18,129,7.2,52,0
Gavin Williams,NIU,RB,21,129,6.1,18,0
Ja'Quez Cross,ARST,RB,19,129,6.8,18,0
Emmanual Stevenson,ARST,TE,18,129,7.2,17,2
Malik Benson,ALA,WR,12,129,10.8,27,1
Landon Parker,TROY,WR,8,128,16.0,29,1
Devin Maddox,TOL,WR,15,128,8.5,47,1
Daijun Edwards,UGA,RB,15,127,8.5,23,0
Isaiah Sategna,ARK,WR,14,127,9.1,35,2
Sterling Galban,JVST,WR,11,126,11.5,23,1
E.J. Smith,STAN,RB,26,126,4.8,22,0
Dane Kinamon,AFA,WR,5,126,25.2,94,2
Damien Martinez,ORST,RB,11,126,11.5,25,0
Kaleb Webb,TENN,WR,11,126,11.5,28,1
Hayden Hansen,FLA,TE,11,126,11.5,38,2
Camryn Edwards,CONN,RB,14,126,9.0,26,1
Joey Gatewood,LOU,TE,7,125,17.9,34,2
Max Wright,TA&M,TE,13,125,9.6,20,0
Davion Ervin-Poindexter,WKU,RB,15,125,8.3,18,1
Jalen Walthall,HAW,WR,10,125,12.5,38,1
Dominic Gicinto,UNLV,WR,7,124,17.7,43,1
Tar'Varish Dawson,COLO,WR,14,124,8.9,30,1
Jake Newell,AKR,TE,13,124,9.5,29,1
Luke Doty,SC,QB,12,123,10.3,36,1
Dacari Collins,NCSU,WR,9,122,13.6,30,1
Dylan Leonard,GT,TE,12,122,10.2,23,1
Kendrick Law,ALA,WR,10,122,12.2,34,0
Abdul Janneh,GT,WR,6,122,20.3,33,2
Braylin Presley,TLSA,RB,11,122,11.1,32,0
Johnny Langan,RUTG,TE,14,121,8.6,30,0
Kaleb Brown,IOWA,WR,11,121,11.0,31,1
Tsion Nunnally,WSU,WR,3,121,40.3,72,1
Brandon Engel,AFA,WR,6,121,20.2,39,0
Eddie Lewis,SC,WR,9,120,13.3,46,0
Karter Johnson,PITT,TE,6,120,20.0,50,1
Carson Steele,UCLA,RB,14,120,8.6,17,2
Malachi Coleman,NEB,WR,6,120,20.0,44,1
Ethan Conner,TROY,TE,11,120,10.9,19,3
Shane Calhoun,ECU,TE,15,119,7.9,17,2
Ashton Hollins,ILL,WR,9,119,13.2,30,0
Blue Smith,WKU,WR,10,118,11.8,21,1
Jacquez Stuart,TOL,RB,9,118,13.1,59,1
Cadarrius Thompson,GAST,WR,16,118,7.4,31,1
Jase McClellan,ALA,RB,12,118,9.8,42,0
Keanu Hill,BYU,WR,10,118,11.8,25,1
Jayden Dixon-Veal,PUR,WR,14,118,8.4,29,1
Dakereon Joyner,SC,RB,21,117,5.6,27,0
Treshaun Ward,KSU,RB,15,116,7.7,33,2
Jackson McDonald,FIU,TE,11,116,10.5,23,0
Benji Gosnell,VT,TE,10,116,11.6,23,0
C.J. Smith,UGA,WR,6,116,19.3,47,0
Kaden Feagin,ILL,RB,9,116,12.9,54,1
Addison Ostrenga,IOWA,TE,19,116,6.1,13,2
Payten Singletary,CIN,TE,12,115,9.6,32,2
Martin Blake,SDSU,RB,10,115,11.5,33,0
Baylor Cupp,TTU,TE,10,114,11.4,19,2
Evan Prater,CIN,WR,12,114,9.5,22,0
P.J. Wells,JVST,WR,9,114,12.7,29,0
Giovanni Sanders,ASU,WR,13,114,8.8,23,0
Malachai Jones,TLSA,WR,9,113,12.6,31,1
Jaden Nixon,OKST,RB,10,113,11.3,60,1
Isaiah Horton,MIA,WR,7,113,16.1,52,1
Frank Peasant,MTSU,RB,12,113,9.4,30,0
Jeremiah Noga,ORST,WR,8,113,14.1,31,1
Sedrick Alexander,VAN,RB,16,113,7.1,21,0
Trey Cooley,GT,RB,11,112,10.2,55,1
Jack Bech,TCU,WR,11,112,10.2,26,0
Nate Jones,LT,TE,13,112,8.6,33,0
Devin Price,FAU,WR,6,111,18.5,34,1
Kentrel Bullock,USA,RB,14,111,7.9,30,1
Ty Robinson,BALL,WR,6,111,18.5,27,1
Jarquez Hunter,AUB,RB,16,111,6.9,47,0
Luke Wysong,UNM,WR,7,110,15.7,41,1
Weston Wolff,USF,TE,12,110,9.2,20,0
Phillippe Wesley II,SDSU,WR,10,110,11.0,17,0
Jonah Burton,BAY,WR,9,110,12.2,27,0
Tyrone Broden,ARK,WR,15,109,7.3,19,3
Elijah Gilliam,FRES,RB,10,108,10.8,32,1
Nate Kurisky,LOU,TE,12,108,9.0,23,2
Josh Kattus,UK,TE,8,108,13.5,28,2
Perris Jones,UVA,RB,6,107,17.8,60,0
Blake Nowell,TCU,WR,10,107,10.7,20,1
Ethan Payne,MRSH,RB,13,107,8.2,35,0
Johntay Cook II,TEX,WR,6,107,17.8,51,0
Preston Howard,MD,TE,10,106,10.6,33,0
Iverson Hooks,UAB,WR,10,106,10.6,20,2
Chase Lane,GT,WR,7,105,15.0,48,1
Jadon Thompson,LOU,WR,8,105,13.1,37,1
Liam Clifford,PSU,WR,10,105,10.5,33,0
Brenen Thompson,OU,WR,4,105,26.3,54,0
Matt Lauter,BOIS,TE,6,105,17.5,59,2
Juju McDowell,SC,RB,11,105,9.5,27,1
Matthew Coleman,SJSU,WR,11,105,9.5,29,0
Justin Ball,VAN,TE,12,104,8.7,27,1
Tyson Mobley,CCU,WR,7,104,14.9,33,0
Braelon Allen,WIS,RB,25,104,4.2,12,0
Giles Jackson,WASH,WR,13,103,7.9,26,1
Logan Kyle,VAN,TE,11,103,9.4,28,0
Jordyn Bailey,TCU,WR,5,103,20.6,34,1
Blaine Green,OKST,WR,13,102,7.8,24,0
Nathan Carter,MSU,RB,20,102,5.1,21,0
Joshua Nicholson,SDSU,WR,12,102,8.5,21,1
Dane Pardridge,NIU,WR,9,102,11.3,20,1
Creed Whittemore,MSST,WR,11,102,9.3,33,2
Kenny Johnson,PITT,WR,11,102,9.3,34,1
Sean Shaw Jr.,TXST,WR,12,101,8.4,14,0
Brian Hightower,CAL,WR,10,101,10.1,20,0
Rueben Owens,TA&M,RB,11,101,9.2,26,0
Juma Otoviano,RICE,RB,12,100,8.3,35,0
Jacob Warren,TENN,TE,12,100,8.3,14,3
Phil Mafah,CLEM,RB,18,100,5.6,19,0
Thomas Gordon,NU,TE,10,100,10.0,18,1
Bryce Bohanon,TULN,WR,7,100,14.3,22,0
Kobe Lewis,FAU,RB,16,99,6.2,22,0
Talik Keaton,MRSH,WR,10,99,9.9,21,0
Jamarye Joiner,JVST,WR,9,98,10.9,22,0
Kenny Tracy,M-OH,RB,9,98,10.9,39,1
Javon Ivory,USA,WR,12,98,8.2,19,0
Marcus Burke,FLA,WR,6,98,16.3,37,0
Myles Bailey,CMU,RB,12,98,8.2,23,0
Marcus Bellon,UTEP,WR,10,97,9.7,20,0
Kevin Green Jr.,ARIZ,WR,8,97,12.1,26,0
Andy Jean,FLA,WR,6,97,16.2,32,0
Jacob Fields,LT,DB,12,97,8.1,20,0
Cameron Zeidler,NEV,TE,9,97,10.8,21,1
Cole Cavallo,USM,TE,9,96,10.7,17,0
Thomaz Whitford,NMSU,TE,9,96,10.7,20,2
Anwar Lewis,JVST,RB,11,96,8.7,19,0
C'Bo Flemister,PITT,RB,7,95,13.6,61,1
Brandon Buckhaulter,UAB,WR,4,95,23.8,75,1
Stacy Sneed,HOU,RB,13,95,7.3,58,1
Rayshon Luke,ARIZ,RB,4,95,23.8,66,0
Mike O'Laughlin,HOU,TE,12,94,7.8,18,0
Josh Henderson,IU,RB,7,94,13.4,22,0
Jack Bradley,RICE,TE,8,94,11.8,41,1
Clayton Ollendieck,TROY,TE,9,94,10.4,27,1
Suderian Harrison,UVA,WR,9,94,10.4,23,0
Malcolm Epps,PITT,TE,8,93,11.6,36,0
Mershawn Rice,PUR,WR,4,93,23.3,43,0
Javonte Sherman,MTSU,WR,12,93,7.8,17,0
Garrett Oakley,KSU,TE,7,93,13.3,28,2
Barry Jackson Jr.,CIN,WR,3,93,31.0,65,1
Cash Jones,UGA,RB,11,92,8.4,27,1
Tobi Olawole,ARMY,WR,6,92,15.3,43,0
Tim Grear Jr.,FRES,WR,7,92,13.1,31,1
Donerio Davenport,TXST,RB,10,92,9.2,27,1
Chris Carter,TULN,TE,9,91,10.1,18,2
Cam Porter,NU,RB,17,91,5.4,17,1
BJ Alexander,FAU,WR,9,91,10.1,23,1
Caleb Rillos,AFA,TE,7,91,13.0,35,0
Marcus Sanders Jr.,GASO,WR,6,91,15.2,30,1
Riley Sharp,ORST,TE,5,90,18.0,28,2
Kay'Ron Lynch-Adams,MASS,RB,18,90,5.0,21,0
Austin Bolt,BOIS,WR,3,90,30.0,42,1
David Larkins,APP,TE,11,90,8.2,23,3
Armani Winfield,BAY,WR,7,90,12.9,29,0
Robert Henry,UTSA,RB,16,90,5.6,14,0
Tyquan Henderson,USM,WR,9,90,10.0,18,1
Thomas Yassmin,UTAH,TE,8,89,11.1,41,1
Jaden Dottin,TOL,WR,8,89,11.1,16,0
Darion Williamson,FSU,WR,7,89,12.7,23,1
Aaron Turner,CIN,WR,11,89,8.1,21,2
Gamarion Carter,VAN,WR,3,89,29.7,41,0
Malcolm Johnson Jr.,AUB,WR,6,89,14.8,30,0
Jaedn Skeete,BC,WR,8,89,11.1,34,1
Oscar Adaway III,UNT,RB,13,88,6.8,15,0
Gavin Blackwell,UNC,WR,6,88,14.7,38,0
Antonio Harmon,MSST,TE,11,88,8.0,21,1
Taji Hudson,JMU,WR,8,88,11.0,32,1
Rico Barfield,BALL,RB,6,88,14.7,27,1
Trace Bruckler,UNM,TE,8,88,11.0,25,0
TJ Harden,UCLA,RB,12,88,7.3,25,1
Ahmon Green,GAST,TE,13,87,6.7,24,2
Brock Lampe,NIU,FB,7,87,12.4,26,0
Destyn Hill,FSU,WR,6,87,14.5,30,0
Jackson Acker,WIS,RB,18,86,4.8,26,1
Jordan James,ORE,RB,12,86,7.2,22,1
Kye Robichaux,BC,RB,11,86,7.8,45,0
Gavin Freeman,OU,WR,18,86,4.8,13,1
Tucker Ashcraft,WIS,TE,8,86,10.8,24,1
Dontae Smith,GT,RB,8,85,10.6,32,1
Kelley Joiner,USF,RB,8,85,10.6,35,0
Rashod Dubinion,ARK,RB,14,85,6.1,26,1
Cayden Lee,MISS,WR,2,85,42.5,51,2
JR Wilson,UVA,WR,8,85,10.6,32,0
Samson Evans,EMU,RB,10,84,8.4,17,0
Koby Duru,LT,WR,6,84,14.0,53,2
Jordan Waters,DUKE,RB,6,84,14.0,25,0
Kylen Austin,LIB,WR,3,84,28.0,46,0
Miller McCrumby,ARST,TE,9,84,9.3,21,0
Joshua Thompson,GASO,WR,2,84,42.0,43,0
Keshawn Wicks,ODU,RB,12,83,6.9,21,1
Nick Rempert,TLSA,WR,6,83,13.8,40,1
Peyton Higgins,TROY,WR,6,83,13.8,32,0
Rodney Hill,FSU,RB,5,83,16.6,48,0
Michael Hetzel,APP,WR,8,83,10.4,22,1
Chase Hendricks,OHIO,WR,8,83,10.4,20,0
Richie Hoskins,VAN,WR,6,83,13.8,27,2
Jeffery Pittman,MSST,RB,11,83,7.5,29,2
Ulysses Bentley IV,MISS,RB,10,82,8.2,25,1
Logan Diggs,LSU,RB,8,82,10.3,18,0
Antonio Gates Jr.,MSU,WR,5,82,16.4,45,1
Malachi Riley,ARIZ,WR,3,82,27.3,40,0
Cameron Ball,BUFF,TE,8,82,10.3,32,0
CC Ezirim,TOL,TE,4,82,20.5,35,0
Chris Autman-Bell,MINN,WR,5,81,16.2,39,1
Ryan Cragun,UCLA,WR,9,81,9.0,27,0
Nathaniel Peat,MIZ,RB,6,81,13.5,49,1
Avery Boyd,GT,WR,6,81,13.5,31,2
Trey Walker,IU,TE,10,81,8.1,20,1
Houston Thomas,UTSA,TE,5,81,16.2,26,0
Mitchel Collier,CMU,TE,9,81,9.0,20,3
Jahiem White,WVU,RB,2,81,40.5,75,1
Darius Taylor,MINN,RB,9,81,9.0,25,0
Malcolm Gillie,BALL,WR,9,81,9.0,18,0
Hayden Rucci,WIS,TE,8,80,10.0,45,0
Ayden Williams,MISS,WR,4,80,20.0,43,0
Carson Hansen,ISU,RB,10,80,8.0,16,0
Cooper Rusk,TOL,WR,6,80,13.3,33,2
Brenden Bates,UK,TE,3,79,26.3,33,0
Tony Mathis Jr.,HOU,RB,11,79,7.2,24,1
Bradley Archer,IU,TE,6,79,13.2,24,0
Aidan Bitter,ISU,WR,5,79,15.8,45,0
Austin Jones,USC,RB,9,79,8.8,24,1
Kelsey Johnson,BAY,TE,10,79,7.9,21,0
Vann Schield,CSU,RB,11,79,7.2,16,0
Isaah Crocker,NEV,WR,3,78,26.0,55,1
Noah Whittington,ORE,RB,10,78,7.8,31,0
Jake Clemons,CLT,TE,11,78,7.1,19,1
Talyn Shettron,OKST,WR,6,78,13.0,19,0
Camden Brown,AUB,WR,8,78,9.8,15,0
Simeon Evans,SHSU,QB,11,78,7.1,19,0
Mason Williams,OHIO,TE,3,78,26.0,34,1
Emari White,UTEP,WR,7,78,11.1,32,0
Michel Dukes,USF,RB,8,77,9.6,39,0
Will Nixon,WASH,RB,10,77,7.7,18,0
Monte Watkins,NMSU,RB,8,77,9.6,39,1
Devin Voisin,USA,WR,5,77,15.4,29,1
Jimmy Valsin III,ORST,WR,5,77,15.4,20,1
Tyrell Robinson,ARMY,RB,6,77,12.8,23,0
Sam Scott,WYO,RB,11,77,7.0,18,0
DJ Rogers,TCU,TE,6,77,12.8,22,1
Nathan Kent,NAVY,WR,4,77,19.3,35,1
Kamrean Johnson,VAN,TE,8,77,9.6,17,2
Tyshawn Russell,SC,WR,4,77,19.3,50,1
Jordan Smith,NMSU,WR,6,77,12.8,29,0
Solo Vaipulu,HAW,OL,9,76,8.4,23,0
CJ Baxter,TEX,RB,17,76,4.5,15,0
Drake Anderson,AKR,RB,15,75,5.0,15,1
Sean Dollars,NEV,RB,17,75,4.4,26,0
Marcus Major,OU,RB,12,75,6.3,27,1
Keegan Jones,UCLA,WR,7,75,10.7,26,0
Jonathan Odom,FLA,TE,9,75,8.3,23,0
Mavin Anderson,CAL,WR,5,75,15.0,24,0
Raheim Sanders,ARK,RB,10,75,7.5,38,0
Nate Noel,APP,RB,14,75,5.4,15,0
Davis Dalton,USM,WR,6,75,12.5,22,0
Decorion Temple,CMU,TE,6,75,12.5,22,0
Miller Gibbs,APP,TE,6,74,12.3,26,0
Ife Adeyi,SHSU,WR,7,74,10.6,26,0
Luke Benson,GT,TE,7,74,10.6,38,0
Ay'Jaun Marshall,ARMY,WR,7,74,10.6,20,0
Deshaun Fenwick,ORST,RB,8,73,9.1,20,2
Malik Jackson,JVST,RB,13,73,5.6,16,0
Terrell McDonald,UAB,TE,7,73,10.4,26,0
Brett Seither,GT,TE,6,73,12.2,35,4
Dontae Fleming,TULN,WR,5,73,14.6,39,0
Le'Meke Brockington,MINN,WR,5,73,14.6,25,1
Malachi Holt-Bennett,UAB,WR,4,73,18.3,37,1
Jordan Nabors,BAY,WR,8,73,9.1,43,0
Maurice Turner,LOU,RB,8,73,9.1,27,0
Jehlani Galloway,WMU,WR,13,72,5.5,19,0
Ali Jennings,VT,WR,5,72,14.4,44,2
Blake Corum,MICH,RB,11,72,6.5,20,0
Marshall Lang,NU,TE,7,72,10.3,23,0
Jacory Croskey-Merritt,UNM,RB,7,72,10.3,31,1
Shaadie Clayton-Johnson,TULN,RB,5,72,14.4,29,0
Hunter Smith,ULM,RB,8,71,8.9,20,0
John Humphreys,STAN,WR,5,71,14.2,31,1
Malik McClain,PSU,WR,6,71,11.8,25,1
Anthony Hankerson,COLO,RB,16,71,4.4,12,1
Timothy Conerly,UNLV,WR,7,71,10.1,23,0
Regis Velez,NAVY,WR,3,71,23.7,45,2
Vinny Anthony II,WIS,WR,5,71,14.2,35,0
Hykeem Williams,FSU,WR,4,71,17.8,44,1
Karsyn Pupunu,HAW,WR,5,71,14.2,33,0
Parker Jenkins,HOU,RB,13,71,5.5,27,0
Adrian Norton,AKR,WR,9,71,7.9,17,0
Jacob Kibodi,UL,RB,8,70,8.8,37,1
Jaylan Franklin,MSU,TE,5,70,14.0,46,0
Tahj Brooks,TTU,RB,20,70,3.5,12,0
Jayden Umbarger,NAVY,WR,8,70,8.8,22,0
Jared Casey,KU,TE,6,70,11.7,24,1
Chance Morrow,BUFF,WR,4,70,17.5,29,0
Jaquaize Pettaway,OU,WR,11,70,6.4,13,0
Kanye Roberts,APP,RB,9,70,7.8,18,0
David Amador,UTSA,WR,8,70,8.8,25,0
Luke McGary,TLSA,TE,6,70,11.7,24,2
Ryan Montgomery,CIN,RB,8,69,8.6,25,1
Jaylan Knighton,SMU,RB,8,69,8.6,28,0
Trevor Kardell,KU,TE,5,69,13.8,20,1
Demie Sumo-Karngbaye,UK,RB,14,69,4.9,18,1
Victor Rosa,CONN,RB,12,69,5.8,16,0
Landon Sims,HAW,RB,11,69,6.3,17,0
Tawee Walker,OU,RB,8,69,8.6,16,0
Markese Stepp,WKU,RB,6,68,11.3,26,0
Leshon Williams,IOWA,RB,11,68,6.2,25,1
Alex Brown,WYO,WR,6,68,11.3,16,0
Wyatt Wilson,AFA,WR,4,68,17.0,27,0
Trent Battle,TCU,RB,4,68,17.0,41,0
Le'Veon Moss,TA&M,RB,9,68,7.6,19,0
Sutton Smith,MEM,RB,12,68,5.7,19,0
Amari Daniels,TA&M,RB,13,68,5.2,14,0
Arian Smith,UGA,WR,4,67,16.8,37,1
Isaiah Essissima,NEV,CB,2,67,33.5,43,0
Oronde Gadsden II,SYR,TE,7,67,9.6,17,1
Kaydin Pope,UNM,WR,6,67,11.2,46,1
Rodney Gallagher,WVU,WR,8,67,8.4,14,0
Jackson Harris,STAN,WR,3,67,22.3,44,0
Stephan Bracey Jr.,CMU,WR,10,66,6.6,24,0
Billy Riviere III,WSU,TE,7,66,9.4,18,0
Michael Allen,NCSU,RB,11,66,6.0,19,0
Brandon Frazier,AUB,TE,5,66,13.2,39,1
Myles Walker,AKR,WR,8,66,8.3,16,1
OJ Arnold,GASO,RB,8,66,8.3,21,0
Adam Moore,SMU,TE,3,66,22.0,52,0
Deion Smith,BYU,RB,10,65,6.5,37,1
Vincent Davis Jr.,UNLV,RB,5,65,13.0,27,1
Michael Trigg,MISS,TE,4,65,16.3,21,1
Jalen White,GASO,RB,16,65,4.1,11,1
Jadarian Price,ND,RB,5,65,13.0,40,1
Hank Beatty,ILL,WR,8,65,8.1,26,0
Juice Vereen,NCSU,TE,4,65,16.3,22,0
George Takacs,BC,TE,6,64,10.7,27,1
Kaytron Allen,PSU,RB,11,64,5.8,15,0
Billy Dozier,NIU,WR,5,64,12.8,24,0
Jaquez Moore,DUKE,RB,4,64,16.0,28,0
Jeremiyah Love,ND,RB,7,64,9.1,33,0
L.T. Sanders,WKU,RB,7,64,9.1,19,0
Konner Fox,TXST,TE,8,63,7.9,21,1
Isaiah Jacobs,UAB,RB,17,63,3.7,13,0
Brody Dalton,TROY,TE,4,63,15.8,27,0
Chuuky Hines,HAW,WR,6,63,10.5,19,1
Gee Scott Jr.,OSU,TE,9,62,6.9,14,1
Deion Hankins,UTEP,RB,6,62,10.3,35,0
Otto Tia,USU,WR,5,62,12.4,37,0
Shane Johnson,SHSU,WR,6,62,10.3,19,0
Jai'Den Thomas,UNLV,RB,7,62,8.9,19,0
Justice Ellison,WAKE,RB,10,61,6.1,18,0
Doug Emilien,KU,WR,6,61,10.2,21,0
Jaylen Jenkins,WSU,RB,6,61,10.2,22,0
Tybo Rogers,WASH,RB,4,61,15.3,47,0
Jere Getzinger,EMU,TE,13,60,4.6,10,1
Elijah Spencer,MINN,WR,7,60,8.6,15,2
Ron Wiggins,JVST,RB,6,60,10.0,17,0
Austin Henderson,LIB,TE,8,60,7.5,16,3
Kyirin Heath,MISS,TE,4,60,15.0,21,0
Vandrevius Jacobs,FSU,WR,3,60,20.0,28,1
Jonah Wilson,HOU,WR,2,60,30.0,60,1
Kendrick Raphael,NCSU,RB,6,60,10.0,21,0
Liam Fortner,ARMY,WR,2,60,30.0,53,0
Darrell Gill Jr.,SYR,WR,7,60,8.6,18,1
Josh Lifson,LOU,TE,6,59,9.8,19,0
Devontae Houston,CONN,RB,4,59,14.8,37,1
Joshua Cobbs,HOU,WR,7,59,8.4,17,0
Aaron Anderson,LSU,WR,12,59,4.9,14,0
Makhi Hughes,TULN,RB,10,59,5.9,12,0
Chris Dawn Jr.,TXST,WR,6,59,9.8,19,0
CJ Donaldson Jr.,WVU,RB,9,59,6.6,18,0
Lee Beebe,UAB,RB,12,59,4.9,17,0
Corri Milliner,UAB,WR,1,59,59.0,59,0
John Emery Jr.,LSU,RB,3,58,19.3,49,0
Da'Wain Lofton,VT,WR,6,58,9.7,15,0
Gi'Bran Payne,ND,RB,9,58,6.4,42,2
DJ Riles,MTSU,QB,4,58,14.5,42,1
Brandon Inniss,OSU,WR,1,58,58.0,58,1
Jaylon Griffin,UCF,WR,4,58,14.5,36,1
Bud Tolbert,ULM,WR,6,58,9.7,22,1
Zahir Abdus-Salaam,WMU,RB,14,57,4.1,12,0
Kevorian Barnes,UTSA,RB,12,57,4.8,14,0
Zach Fryar,UTEP,TE,9,57,6.3,19,1
Chris Mottillo,MRSH,TE,5,56,11.2,20,0
Kevens Clercius,CONN,WR,5,56,11.2,25,1
Loic Fouonji,TTU,WR,4,56,14.0,25,1
Caziah Holmes,FSU,RB,4,56,14.0,26,2
Solo Lewis,LT,WR,2,56,28.0,43,0
Obie Sanni,ODU,RB,6,56,9.3,13,0
Kaden Saunders,PSU,WR,6,56,9.3,17,1
Stevo Klotz,ISU,TE,6,56,9.3,24,1
Zeke Moore,FAU,TE,11,56,5.1,9,2
Tre Bradford,LSU,RB,1,55,55.0,55,0
Brennan Parachek,MSU,TE,6,55,9.2,17,0
Steven Stilianos,IOWA,TE,5,54,10.8,21,0
Riley Smith,BOIS,TE,7,54,7.7,17,1
JoVoni Johnson-McCray,RICE,WR,3,54,18.0,23,0
Omarion Dollison,JMU,WR,1,54,54.0,54,1
Jordan Johnson,HAW,RB,9,54,6.0,17,0
Horatio Fields,WAKE,WR,5,54,10.8,15,0
Zach Ortwerth,IOWA,TE,1,54,54.0,54,0
Alex Tecza,NAVY,FB,11,54,4.9,14,0
Jaden Gibson,UVA,WR,5,54,10.8,23,0
Ja'shon Benjamin,RUTG,RB,4,54,13.5,33,1
Matt Alaimo,CCU,TE,9,53,5.9,12,0
Cameron Johnson,WSU,TE,6,53,8.8,15,0
Chip Trayanum,OSU,RB,9,53,5.9,19,0
Will Swanson,KSU,TE,4,53,13.3,21,1
James Bomba,IU,TE,6,53,8.8,15,1
Cam Davis,SDSU,RB,16,53,3.3,16,0
Josh Meredith,WSU,WR,3,53,17.7,21,1
Ja'Quinden Jackson,UTAH,RB,9,53,5.9,18,0
Trent Walker,ORST,WR,3,53,17.7,24,0
Keldric Moody,LT,RB,7,53,7.6,13,0
Trey Potts,PSU,RB,3,52,17.3,30,1
Kentron Poitier,FSU,WR,2,52,26.0,33,0
Brian Battie,AUB,RB,7,52,7.4,13,0
Sage Ennis,CLEM,TE,3,52,17.3,28,0
Jordan Bly,ODU,WR,13,52,4.0,19,1
Antario Brown,NIU,RB,12,52,4.3,11,1
Javious Bond,ECU,RB,10,52,5.2,19,0
Malik Elzy,ILL,WR,5,52,10.4,19,1
Anton Hall Jr.,NAVY,RB,3,52,17.3,45,1
Cam McCormick,MIA,TE,6,51,8.5,20,0
Kalani Norris,MTSU,WR,10,51,5.1,18,1
Tyrese Chambers,MD,WR,7,51,7.3,12,1
Nate Boerkircher,NEB,TE,5,51,10.2,17,0
Mark Fletcher Jr.,MIA,RB,6,51,8.5,25,0
Andrew Jacobs,CLT,WR,6,51,8.5,20,0
Joquez Smith,TEM,RB,10,51,5.1,15,1
Isaiah Ifanse,CAL,RB,8,50,6.3,18,1
Jalen McGaughy,CMU,WR,4,50,12.5,20,0
Donovan Ollie,CIN,WR,2,50,25.0,40,0
Sy'veon Wilkerson,COLO,RB,5,50,10.0,18,0
Riley Nowakowski,WIS,TE,4,50,12.5,23,0
Reggie Love III,ILL,RB,8,50,6.3,11,0
Xavier Irvin,TEM,WR,3,50,16.7,28,0
Jamoni Jones,NMSU,RB,5,50,10.0,17,0
Yamir Knight,JMU,WR,6,50,8.3,14,0
Tyler Stephens,MIZ,TE,5,49,9.8,20,0
Corey Kiner,CIN,RB,12,49,4.1,16,0
Jaden Walley,MSST,WR,5,49,9.8,19,1
Roydell Williams,ALA,RB,10,49,4.9,26,1
Jaylon Glover,UTAH,RB,6,49,8.2,17,0
Tucker Holloway,VT,WR,5,49,9.8,17,0
Kyson Brown,ASU,RB,9,49,5.4,27,0
Asa Martin,TROY,RB,7,48,6.9,20,1
Messiah Swinson,ASU,TE,6,48,8.0,18,0
Chase Penry,BOIS,WR,5,48,9.6,18,0
Damari Alston,AUB,RB,8,48,6.0,11,0
Kadarius Calloway,ODU,RB,8,48,6.0,13,1
Camari Williams,NAVY,WR,7,47,6.7,12,1
Shomari Lawrence,FIU,RB,8,47,5.9,17,0
Riley Williams,MIA,TE,5,47,9.4,22,1
Ayo Adeyi,UNT,RB,6,47,7.8,15,0
Rodney Hammond Jr.,PITT,RB,7,46,6.6,15,0
Johnny Richardson,UCF,RB,12,46,3.8,8,0
Jeremiah Hasley,DUKE,TE,4,46,11.5,21,1
Daba Fofana,NAVY,FB,5,46,9.2,17,0
Josh Sapp,CLEM,TE,4,46,11.5,25,2
Tyler Harrell,MIA,WR,4,45,11.3,14,0
Jarrad Baker,UCF,WR,7,45,6.4,19,0
Deion Colzie,ND,WR,3,45,15.0,25,1
Jordan Mosley,MSST,WR,3,45,15.0,19,1
Jermaine Terry II,ORST,TE,4,45,11.3,40,1
Omari Kelly,AUB,WR,2,45,22.5,40,0
LJ Martin,BYU,RB,11,45,4.1,13,1
Pearse Migl,UL,TE,5,44,8.8,24,0
Joshua Fleeks,NEB,WR,7,44,6.3,23,0
Shelton Zeon III,UNLV,TE,5,44,8.8,12,0
Reese White,CCU,RB,6,44,7.3,15,0
Ja'Quavion Fraziars,FLA,WR,4,44,11.0,13,0
Dylan Downing,PUR,RB,5,44,8.8,14,0
Charlie Gordinier,BC,TE,2,44,22.0,30,0
Harrison Waylee,WYO,RB,7,44,6.3,12,0
Kaylon Horton,UNT,WR,6,44,7.3,13,1
Andre Dollar,WSU,TE,3,44,14.7,20,0
Anthony Brown-Stephens,UK,WR,5,44,8.8,20,1
Matt Byrnes,HOU,TE,6,44,7.3,18,0
Jostein Clarke,UTEP,WR,3,44,14.7,20,1
Beau Corrales,TXST,WR,2,43,21.5,26,0
Izayah Cummings,UK,TE,3,43,14.3,20,0
LJ Johnson Jr.,SMU,RB,5,43,8.6,16,0
Eli Sanders,ISU,RB,5,43,8.6,14,1
Jam Miller,ALA,RB,2,43,21.5,35,0
Zach Hrbacek,SHSU,RB,7,43,6.1,21,0
Julien Lewis,LT,WR,2,43,21.5,37,0
Adam Beale,TOL,WR,3,42,14.0,22,0
Ian Stewart,TEM,WR,5,42,8.4,16,0
Miyan Williams,OSU,RB,4,42,10.5,27,0
Devin Boddie Jr.,WYO,WR,5,42,8.4,19,0
Miki Suguturaga,UTAH,TE,4,42,10.5,17,1
Jay Rockwell,SHSU,WR,7,42,6.0,12,1
Jaylen Anderson,WVU,RB,4,42,10.5,10,0
Greyson Morgan,HAW,TE,7,42,6.0,20,0
Donovan Faupel,NMSU,WR,3,42,14.0,15,0
Skylar Loving-Black,SJSU,TE,4,41,10.3,29,0
Jalen Mitchell,CONN,RB,6,41,6.8,14,0
Antavious Willis,USM,RB,3,41,13.7,21,0
Casey Filkins,STAN,RB,6,41,6.8,16,0
Kendall Long,SYR,WR,3,41,13.7,25,1
Will Pelissier,WYO,WR,5,41,8.2,12,0
Andison Coby,IU,WR,5,41,8.2,16,1
Markel Johnson,ARMY,RB,2,41,20.5,26,0
Chris Culliver,UNC,WR,1,41,41.0,41,1
Kenari Wilcher,ILL,WR,4,41,10.3,31,0
Charlie Mangieri,NU,TE,5,40,8.0,25,1
Tyre Shelton,LT,RB,9,40,4.4,21,0
Genson Hooper Price,CCU,WR,1,40,40.0,40,0
Jalen Berger,MSU,RB,5,40,8.0,11,0
Chauncey Magwood,UCF,WR,4,40,10.0,18,0
Jabari Small,TENN,RB,7,40,5.7,14,0
Caleb Anderson,AKR,WR,6,40,6.7,9,0
Josh Dallas,GASO,WR,4,40,10.0,15,0
Kaleb Jackson,LSU,RB,5,40,8.0,13,0
Xzavior Kautai,UNT,TE,6,40,6.7,12,1
Nick Presley,BALL,WR,6,40,6.7,10,0
Abu Sama III,ISU,RB,6,40,6.7,21,0
Thomas Pannunzio,CMU,WR,9,39,4.3,13,0
Kiael Kelly,BALL,QB,6,39,6.5,13,0
Malachi Thomas,VT,RB,5,39,7.8,21,0
Chris Carpenter,UTSA,WR,5,39,7.8,16,0
Jake McConnachie,PITT,WR,1,39,39.0,39,1
Eli Raridon,ND,TE,3,39,13.0,19,1
Denzel Boston,WASH,WR,4,39,9.8,12,0
Tennel Bryant,ARST,WR,5,39,7.8,20,0
Davon Booth,USU,RB,10,39,3.9,9,0
Zakhari Franklin,MISS,WR,4,38,9.5,16,1
Gerald Green,ECU,RB,8,38,4.8,11,0
Juwaun Price,SYR,RB,3,38,12.7,21,0
Camar Wheaton,SMU,RB,2,38,19.0,25,0
Anthony Watkins,TLSA,RB,7,38,5.4,10,0
Max Balthazar,CCU,RB,9,38,4.2,12,0
Jaydon Blue,TEX,RB,5,38,7.6,12,0
Mike Washington,BUFF,RB,12,38,3.2,13,0
Mehki Wall,DUKE,WR,6,38,6.3,13,1
John Lee Eldridge III,AFA,RB,5,38,7.6,17,1
Adrian Murdaugh,SHSU,WR,7,38,5.4,15,0
Hayden Junker,KENT,TE,3,37,12.3,21,1
Lee Witherspoon,UAB,RB,6,37,6.2,12,0
DeCarlos Brooks,ASU,RB,6,37,6.2,11,0
Jaren Mangham,MSU,RB,7,37,5.3,8,0
Bill Jackson,TLSA,RB,6,37,6.2,10,0
Shaleak Knotts,MD,WR,5,37,7.4,16,0
Antwane Wells Jr.,SC,WR,3,37,12.3,17,1
Ayden Greene,VT,WR,4,37,9.3,12,0
Javoni Gardere,UTEP,WR,2,37,18.5,25,1
Marcus Vinson,UTEP,TE,2,37,18.5,29,0
Aidan Robbins,BYU,RB,6,36,6.0,12,0
Jontavis Robertson,DUKE,WR,4,36,9.0,12,0
Errol Rogers Jr.,LIB,WR,1,36,36.0,36,0
Keilan Robinson,TEX,RB,6,36,6.0,16,0
Trent Whittemore,UCF,WR,3,36,12.0,25,0
Hudson Wolfe,MISS,TE,2,36,18.0,18,0
Ethan Hall,TLSA,TE,6,36,6.0,21,0
Winston Wright Jr.,FSU,WR,4,36,9.0,18,0
Andre Johnson,ASU,WR,4,36,9.0,20,0
Gavin Sawchuk,OU,RB,9,36,4.0,9,0
Isaiah Johnson,UNT,RB,9,36,4.0,15,0
Ray Ray Joseph,MIA,WR,6,36,6.0,19,0
Rahsul Faison,USU,RB,8,36,4.5,26,0
Levi Gazarek,BGSU,TE,6,35,5.8,15,0
Bryan Robinson,MRSH,WR,5,35,7.0,12,0
Demond Claiborne,WAKE,RB,3,35,11.7,22,0
Emmett Johnson,NEB,RB,6,35,5.8,13,0
Tate Carney,WAKE,RB,3,35,11.7,20,0
Dawson Menegatti,CSU,WR,4,35,8.8,17,0
Kylish Hicks,CONN,WR,3,35,11.7,16,1
Zachary Card,ORST,WR,5,35,7.0,14,0
Randy Fields Jr.,CLT,WR,5,34,6.8,13,0
Devyn Ford,ND,RB,4,34,8.5,12,1
Mike Hollins,UVA,RB,10,34,3.4,8,1
Shedro Louis,TULN,RB,3,34,11.3,15,0
Kejon Owens,FIU,RB,7,34,4.9,10,0
Keyshawn Woodyard,USA,WR,2,34,17.0,21,0
Keyan Burnett,ARIZ,TE,3,34,11.3,17,0
Ty Hahn,NEB,WR,3,34,11.3,21,0
Tyson Riley,ARMY,RB,4,34,8.5,22,2
Khalil Dinkins,PSU,TE,3,34,11.3,16,2
Omari Evans,PSU,WR,3,34,11.3,25,1
Ron Tiavaasue,NMSU,TE,2,34,17.0,28,0
Marlon Gunn Jr.,ECU,RB,5,34,6.8,13,0
Reggie Virgil,M-OH,WR,1,34,34.0,34,1
British Brooks,UNC,RB,8,33,4.1,12,0
Zion Carter,BUFF,TE,4,33,8.3,15,0
Torry Locklin,KU,RB,3,33,11.0,25,1
Quinton Cooley,LIB,RB,4,33,8.3,16,0
LV Bunkley-Shelton,OU,WR,3,33,11.0,16,0
Bralon Brown,MISS,WR,2,33,16.5,29,0
Darrius Clemons,MICH,WR,3,33,11.0,19,0
Peter Kikwata,GAST,WR,3,33,11.0,21,0
Christian Lee,UNT,TE,3,33,11.0,34,0
Robbie Ouzts,ALA,TE,3,33,11.0,21,1
Alex Broome,BC,RB,4,33,8.3,20,1
Jordan McDonald,UCF,RB,1,33,33.0,33,0
Ethan Davis,TENN,TE,2,33,16.5,19,0
Ja'Kobi Lane,USC,WR,4,33,8.3,12,0
Quinton Jackson,RICE,RB,6,33,5.5,9,0
Casey Kelly,ORE,TE,4,32,8.0,19,2
Chris Scott,CIN,WR,1,32,32.0,32,0
Matt Sykes,RICE,WR,1,32,32.0,32,0
Kobe Johnson,CSU,RB,4,32,8.0,13,0
Calvin Johnson II,NU,WR,4,32,8.0,11,0
Djouvensky Schlenbaker,WSU,RB,5,32,6.4,11,1
Nehemiah Martinez I,TTU,WR,2,32,16.0,31,0
Andrew Henry,UNM,RB,4,32,8.0,11,0
Fredrick Moore,MICH,WR,4,32,8.0,10,0
Cedric Hawkins,ARST,RB,2,32,16.0,21,0
Micah Riley,AUB,TE,1,32,32.0,32,1
Cody Howard,NAVY,WR,1,32,32.0,32,0
Ezell Jolly,UTEP,RB,5,32,6.4,20,0
Vince Brown II,CSU,TE,4,32,8.0,11,0
Bryce Williams,MINN,RB,4,31,7.8,15,0
Raymond Niro III,NU,WR,2,31,15.5,19,0
Gunner Gentry,WYO,WR,3,31,10.3,17,1
Billy Lucas,LIB,RB,2,31,15.5,16,0
Tyler Savage,ECU,TE,6,31,5.2,9,0
Rahjai Harris,ECU,RB,6,31,5.2,11,1
Payton Mangrum,SC,WR,2,31,15.5,19,0
Tanaka Scott,KU,WR,3,31,10.3,21,0
Jayden Limar,ORE,RB,6,31,5.2,11,0
Braylon McReynolds,USA,RB,9,31,3.4,13,0
Sean Brown,CLT,WR,3,31,10.3,19,0
DeAndre Buchannon,GASO,WR,4,31,7.8,10,0
KD Dorsey,GASO,WR,5,31,6.2,11,0
Jekail Middlebrook,MTSU,RB,4,31,7.8,21,0
Marquis Montgomery,CAL,WR,3,31,10.3,13,0
Henry Parrish Jr.,MIA,RB,10,30,3.0,12,0
Ja'Corey Brooks,ALA,WR,3,30,10.0,25,0
Dan Dishman,UTSA,TE,3,30,10.0,17,0
Kyle Monangai,RUTG,RB,3,30,10.0,20,0
Josh McCray,ILL,RB,6,30,5.0,10,0
Blake Smith,OU,TE,2,30,15.0,28,1
Jabari Bates,SJSU,RB,8,30,3.8,12,0
Jayden York,TTU,TE,3,30,10.0,19,1
Jeremiah Cobb,AUB,RB,5,30,6.0,11,2
Rashid Williams,WASH,WR,2,30,15.0,18,0
Jake Boust,FRES,TE,4,30,7.5,12,1
Kade Zimmerman,UNM,WR,1,30,30.0,30,0
Deuce Alexander,WAKE,WR,2,30,15.0,19,1
Brendan Doyle,MEM,TE,5,30,6.0,10,3
Desirrio Riles,ECU,TE,9,30,3.3,14,0
Latrele Palmer,JMU,RB,3,29,9.7,13,0
Cameron Bonner,BAY,WR,3,29,9.7,15,0
Samuel Brown V,RUTG,RB,2,29,14.5,27,0
Jackson Sumlin,FAU,TE,4,29,7.3,11,0
Andrew Sowinski,PUR,WR,3,29,9.7,12,0
Wyatt Sullivan,FAU,TE,5,29,5.8,12,0
Pearce Spurlin III,UGA,TE,2,29,14.5,25,0
Hayden Reed,ARMY,RB,4,29,7.3,10,0
Shadrick Byrd,CLT,RB,7,28,4.0,19,0
Chris Long,RUTG,WR,2,28,14.0,19,0
Charvis Thornton,LT,RB,7,28,4.0,10,1
Calvin Hill,TXST,RB,4,28,7.0,8,0
Jake Orlando,BUFF,TE,4,28,7.0,13,0
Carter Campbell,SMU,WR,2,28,14.0,18,0
Donovan Smith,HOU,QB,1,28,28.0,28,1
Elijah Jackson-Anderson,EMU,RB,1,28,28.0,28,1
Chase Gillespie,VAN,RB,5,28,5.6,13,0
Jordan McCants,JVST,WR,1,28,28.0,28,0
Cole Turner,CLEM,WR,3,28,9.3,11,0
Djay Braswell,SC,RB,2,28,14.0,30,0
Harold Joiner III,MSU,LB,4,27,6.8,10,0
Keshawn King,WMU,RB,2,27,13.5,14,0
Ashton Stredick,CAL,RB,4,27,6.8,16,0
Kahlil Brantley,FAU,TE,4,27,6.8,14,1
Terion Stewart,BGSU,RB,1,27,27.0,27,0
Jay Rudolph,SDSU,TE,4,27,6.8,14,0
K'Wan Powell,USF,RB,5,27,5.4,12,0
Jaylen Coleman,DUKE,RB,6,27,4.5,11,0
Allan Houston,LOU,WR,3,27,9.0,17,0
Var'Keyes Gumms,ARK,TE,2,27,13.5,25,0
Cam'Ron Valdez,TTU,RB,3,27,9.0,15,0
Alante Brown,MSU,WR,3,27,9.0,20,0
Mason Fakahua,BYU,TE,6,27,4.5,11,0
Andreas Paaske,EMU,TE,2,27,13.5,21,0
De'Andre Coleman,CCU,WR,1,27,27.0,27,1
Langston Lewis,CMU,WR,2,27,13.5,22,0
Rico Walker,MD,TE,4,27,6.8,16,0
Robby Washington,MIA,WR,2,27,13.5,18,0
Matthew McCallister,LT,WR,2,27,13.5,17,0
Caleb Komolafe,NU,RB,4,27,6.8,14,1
AJ Jones,ARIZ,WR,5,27,5.4,14,0
Isaiah Woullard,ULM,RB,9,26,2.9,19,1
Nathan Bax,ARK,TE,3,26,8.7,11,0
Von Swinton,EMU,WR,4,26,6.5,13,0
Jacob Hopper,USA,TE,2,26,13.0,14,0
Dalton Andrews,TOL,TE,4,26,6.5,10,2
Grant Wilson,ODU,QB,1,26,26.0,30,1
Sean Sallis,MRSH,TE,4,26,6.5,10,1
Tim Gans,NMSU,RB,2,26,13.0,14,0
Tylan Hines,HAW,RB,7,26,3.7,18,0
Tripp Riordan,SMU,TE,1,26,26.0,26,0
Kade McIntyre,OU,TE,1,26,26.0,26,0
Titus Lyons,TXST,TE,5,26,5.2,7,0
Malik Baker II,CLT,WR,4,26,6.5,9,0
Brannon Spector,CLEM,WR,4,25,6.3,11,0
Beau Johnson,GASO,TE,3,25,8.3,16,0
Tyler Moore,ISU,TE,4,25,6.3,14,1
Branden Alvarez,SJSU,WR,2,25,12.5,19,1
Reggie Brown,TULN,TE,3,25,8.3,14,0
Tyler Brennan,ARMY,WR,1,25,25.0,25,0
Brock Spalding,ECU,WR,3,25,8.3,11,0
Trayv'on Culbert,UL,WR,3,25,8.3,12,1
Zylan Perry,UL,RB,3,25,8.3,16,0
Aidan Mizell,FLA,WR,2,25,12.5,16,0
Dijon Stanley,UTAH,RB,2,25,12.5,14,0
Vaughn Blue,LIB,RB,3,25,8.3,12,1
Christian Earls,UNLV,TE,2,25,12.5,14,0
J.T. Shrout,ARST,QB,1,24,24.0,24,0
Tyneil Hopper,MSU,TE,2,24,12.0,13,1
Kyi Wright,JMU,TE,3,24,8.0,11,0
Jayson Jones,JVST,WR,2,24,12.0,18,0
Tamatoa Mokiao-Atimalala,HAW,WR,4,24,6.0,9,0
Koy Moore,AUB,WR,3,24,8.0,13,0
Dre'lyn Washington,UL,RB,4,24,6.0,14,1
Ethan Erickson,BYU,TE,2,24,12.0,19,0
Aidan Laughery,ILL,RB,2,24,12.0,12,0
Tre Spivey,KSU,WR,1,24,24.0,24,0
Kejuan Bullard Jr.,SJSU,WR,1,24,24.0,24,0
Thomas Jewett,SHSU,TE,3,24,8.0,11,0
Seth Davis,MSST,RB,5,24,4.8,13,0
Clay Swinney,CLEM,WR,1,24,24.0,24,0
Jayson Littlejohn,USF,TE,6,24,4.0,6,2
Jaivian Thomas,CAL,RB,3,24,8.0,13,1
Mike Franklin,UTEP,RB,3,24,8.0,11,0
Tavion Smith,UL,WR,2,24,12.0,21,1
Seth Porter,KSU,WR,2,23,11.5,16,1
Jack Coldiron,M-OH,TE,1,23,23.0,23,0
Delbert Mimms III,NCSU,RB,3,23,7.7,23,0
Nik Ognenovic,AKR,TE,2,23,11.5,18,0
Nay'Quan Wright,USF,RB,8,23,2.9,12,0
Zak Wallace,ARST,RB,6,23,3.8,11,0
Jackson Meeks,UGA,WR,1,23,23.0,23,0
Cameron Harpole,SDSU,TE,4,23,5.8,8,0
Jovantae Barnes,OU,RB,5,23,4.6,11,0
Deuce Spann,FSU,WR,1,23,23.0,23,0
Terron Kellman,CLT,RB,2,23,11.5,19,0
Justin Marshall,CSU,RB,2,23,11.5,17,0
Joey Bruszer,SMU,WR,1,23,23.0,23,1
Maxwell Moss,JMU,WR,2,23,11.5,13,1
DT Sheffield,WSU,WR,5,23,4.6,15,0
Jarett Garner,ECU,WR,4,22,5.5,7,0
O'Shaan Allison,OHIO,RB,8,22,2.8,7,0
Nick Miles,WYO,TE,1,22,22.0,22,0
Trent Howland,IU,RB,3,22,7.3,11,0
Evan Lester Jr.,GASO,TE,2,22,11.0,21,1
Kamryn Perry,IU,WR,3,22,7.3,9,0
David Cordero,HAW,RB,4,22,5.5,9,0
Connor Walendzak,TOL,RB,2,22,11.0,12,0
Bennett Galloway,ULM,RB,2,22,11.0,15,0
Langston Anderson,TXST,WR,1,21,21.0,21,0
Kendall Milton,UGA,RB,3,21,7.0,12,0
Antwain Littleton II,MD,RB,4,21,5.3,10,0
Taulia Tagovailoa,MD,QB,1,21,21.0,21,0
Tyler Fromm,AUB,TE,3,21,7.0,9,0
Tyler Crowe,BOIS,RB,3,21,7.0,10,0
Brandon Hayes,USM,WR,2,21,10.5,17,0
Peter Montini,CSU,TE,3,21,7.0,11,0
James Burns,CONN,WR,2,21,10.5,24,0
Joshua Lingenfelter,ARMY,TE,1,21,21.0,21,0
Earnest Crownover,TA&M,RB,2,21,10.5,19,2
Richard Reese,BAY,RB,6,21,3.5,10,0
Cade Yacamelli,WIS,RB,3,21,7.0,11,0
Bryce Caufield,ORST,TE,1,21,21.0,21,0
Avion McBride,GAST,TE,1,21,21.0,21,0
Nick Munson,BALL,WR,4,21,5.3,10,0
Anthony Evans III,UGA,WR,3,21,7.0,15,0
Jaziun Patterson,IOWA,RB,3,21,7.0,18,0
Kenyon Sadiq,ORE,TE,4,21,5.3,9,0
Jayden Virgin,BOIS,DE,1,21,21.0,21,0
Trey Sanders,TCU,RB,5,20,4.0,8,0
Mycah Pittman,UTAH,WR,3,20,6.7,11,0
Luke Bolden,M-OH,TE,2,20,10.0,11,0
Gabe Ervin Jr.,NEB,RB,2,20,10.0,12,0
Anderson Castle,APP,RB,3,20,6.7,10,0
Colin O'Brien,WYO,TE,2,20,10.0,14,0
Henry Boyer,ILL,TE,3,20,6.7,9,0
Cartevious Norton,ISU,RB,3,20,6.7,15,0
Jaidyn Doss,NEB,WR,2,20,10.0,16,0
Daniel Blood,MIZ,WR,2,20,10.0,16,0
Zeed Haynes,UGA,WR,1,20,20.0,20,0
Jay Haynes,CLEM,RB,2,20,10.0,14,1
Jalen Butler,ODU,TE,6,20,3.3,9,0
Tyler Bradley,NAVY,RB,3,20,6.7,9,0
Kaleb Carter,UL,WR,2,19,9.5,11,0
Sherod White,UNM,RB,4,19,4.8,13,0
Elijah Collins,OKST,RB,2,19,9.5,18,0
Pat Garwo III,BC,RB,4,19,4.8,5,0
Taji Johnson,BC,WR,1,19,19.0,19,0
Duane Martin,LOU,TE,1,19,19.0,19,0
Justin Stephens,TOL,TE,1,19,19.0,19,0
Alton McCaskill,COLO,RB,2,19,9.5,18,0
Bryce Duke,VT,RB,2,19,9.5,16,0
Ike Daniels,SYR,RB,3,19,6.3,8,0
Cooper Flanagan,ND,TE,1,19,19.0,19,1
Ross Fournet,FIU,WR,2,19,9.5,13,0
Max Bredeson,MICH,TE,2,19,9.5,14,0
Henry Rutledge,CLT,RB,4,19,4.8,7,0
Jordan Ford,TLSA,RB,8,19,2.4,10,0
Devin Roche,ODU,RB,4,19,4.8,11,0
Javorian Wimberly,CMU,WR,2,19,9.5,17,0
Ze'Vian Capers,WKU,WR,3,18,6.0,14,0
Trenton Bourguet,ASU,QB,1,18,18.0,18,0
Louis Hansen,CONN,TE,1,18,18.0,18,0
Dalen Cambre,UL,WR,1,18,18.0,18,0
Raleek Brown,USC,WR,3,18,6.0,14,0
Jonathan Davidson,BAY,WR,1,18,18.0,18,0
Jayson Raines,STAN,WR,2,18,9.0,11,0
Charles Crawford III,SHSU,RB,1,18,18.0,18,0
Jelani Thurman,OSU,TE,2,18,9.0,14,0
Treyaun Webb,FLA,RB,4,18,4.5,12,0
Davis Sherwood,ND,TE,2,18,9.0,10,1
Ryan Manning,MD,WR,2,18,9.0,11,0
Peter Clarke,TEM,TE,2,18,9.0,16,1
Jymetre Hester,FAU,WR,4,18,4.5,12,0
PJ Martin,USA,RB,1,18,18.0,18,0
Everett Hunter,UNM,TE,2,18,9.0,16,0
Wyatt McClour,UNM,TE,1,18,18.0,18,0
Joachim Bangda,CLT,RB,2,17,8.5,15,0
Drew Pyne,ASU,QB,1,17,17.0,17,0
Rocko Griffin,UTSA,RB,5,17,3.4,7,0
Hamp Greene,CLEM,WR,2,17,8.5,12,0
Demarcus Jones II,NCSU,RB,1,17,17.0,17,0
Sevion Morrison,KU,RB,2,17,8.5,12,0
Kris Byrd,GAST,TE,2,17,8.5,9,0
Antwan Roberts,MRSH,RB,1,17,17.0,17,0
Gunnar Greenwald,USF,TE,4,17,4.3,8,1
Justin Kimber,ULM,WR,2,17,8.5,15,0
Decoldest Crawford,LT,WR,2,17,8.5,10,0
Andre Greene Jr.,UNC,WR,2,17,8.5,13,0
Bryce Bailey,MTSU,WR,3,17,5.7,7,1
C.J. Cole,WVU,WR,2,17,8.5,10,0
Kaleb Johnson,IOWA,RB,2,17,8.5,13,0
Devon Tauaefa,HAW,TE,2,17,8.5,9,0
Kellen Stewart,MTSU,WR,3,17,5.7,22,0
Taylor Spierto,FLA,WR,2,17,8.5,10,0
Trevor Stephens,NMSU,TE,1,17,17.0,17,0
Shatavious Hogan,CMU,WR,1,17,17.0,17,0
Cortez Braham,WVU,WR,3,17,5.7,9,0
Hayden Large,IOWA,FB,2,17,8.5,15,0
Julio Ayamel,JMU,LB,2,16,8.0,12,0
Tristen Tewes,NIU,TE,2,16,8.0,10,0
Mike Drennen II,TOL,RB,2,16,8.0,9,0
Sam Adams II,WASH,RB,2,16,8.0,10,0
Jaylon Armstead,SDSU,RB,3,16,5.3,7,0
JuTahn McClain,UK,RB,3,16,5.3,10,0
Jay Ducker,MEM,RB,3,16,5.3,9,0
Artez Hooker,FIU,WR,2,16,8.0,13,0
Tyler Lavine,SMU,RB,3,16,5.3,10,0
Jaylen Thomas,KENT,RB,3,16,5.3,7,0
Julian Lopez,UTEP,TE,3,16,5.3,8,0
Dane Olson,CSU,WR,1,16,16.0,16,0
Ezavier Staples,UCLA,WR,1,16,16.0,16,0
Jack Reynolds,CLT,WR,2,16,8.0,9,0
Jacques Badolato-Birdsell,NEV,RB,2,16,8.0,8,0
Christian Carter,MEM,WR,2,16,8.0,9,1
Anthony Tyus III,NU,RB,2,16,8.0,9,0
Vaughn Pemberton,BALL,RB,5,16,3.2,7,0
Darrian Anderson,ORE,WR,2,16,8.0,16,0
Maximus Webster,BALL,TE,5,16,3.2,9,1
Mac Markway,LSU,TE,3,16,5.3,8,1
Xavier Loyd,KSU,WR,1,16,16.0,16,0
Christian Abney,BALL,TE,3,16,5.3,10,0
Jediyah Willoughby,TOL,WR,1,16,16.0,16,0
Caleb Williams,USC,QB,1,15,15.0,15,0
Bryce Butler,OHIO,TE,3,15,5.0,9,1
Patrick Smith,VAN,RB,4,15,3.8,15,0
Tyler Van Dyke,MIA,QB,0,15,0.0,15,0
Johnathan Arceneaux,FRES,RB,2,15,7.5,8,0
Jaren Randle,UTSA,WR,2,15,7.5,8,0
Zach Evans,MINN,RB,2,15,7.5,13,0
Jaylen Sargent,WYO,WR,1,15,15.0,15,0
Quincy Burroughs,WIS,WR,2,15,7.5,9,0
Kam Ingram,UCF,RB,1,15,15.0,15,0
Byrum Brown,USF,QB,1,15,15.0,15,0
Jacob Barrick,JVST,TE,2,15,7.5,8,0
Kaleb Mathis,COLO,WR,4,15,3.8,7,0
Jake Taylor,DUKE,TE,1,14,14.0,14,0
Tanner Mordecai,WIS,QB,2,14,7.0,19,0
Ari Broussard,RICE,RB,2,14,7.0,12,0
Kenny Brewer III,CMU,WR,2,14,7.0,9,0
Elijah Mojarro,RICE,TE,1,14,14.0,14,0
Isaiah Neyor,TEX,WR,1,14,14.0,14,0
Mark-Antony Richards,UCF,RB,2,14,7.0,11,0
Aaron Young,RUTG,RB,2,14,7.0,10,1
AJ Green,ARK,RB,5,14,2.8,8,1
Zyell Griffin,UNLV,WR,2,14,7.0,12,0
D.Q. James,WYO,RB,2,14,7.0,9,0
Jake Renda,PITT,TE,2,14,7.0,12,0
Don Munnerlyn,TOL,WR,1,14,14.0,14,0
Jordan Anthony,TA&M,WR,3,14,4.7,11,0
Durell Robinson,CLT,RB,1,14,14.0,14,0
Luke Seib,UTEP,TE,1,14,14.0,14,0
Hawkins Polley,BAY,TE,2,14,7.0,13,1
Andrew Paul,UGA,RB,2,14,7.0,7,1
John Mateer,WSU,QB,2,14,7.0,9,0
Leo Pulalasi,WSU,RB,2,14,7.0,7,0
Jambres Dubar,BOIS,RB,5,14,2.8,7,0
Davion Dozier,ARK,WR,1,14,14.0,14,1
Cole Pruett,WSU,WR,2,14,7.0,9,0
Marshaun Brown,NEV,WR,1,14,14.0,14,0
Kahanu Davis,USU,WR,2,14,7.0,10,0
Grant Misch,UVA,TE,3,13,4.3,5,0
Jordan Yates,SHSU,QB,1,13,13.0,13,0
Kalel Mullings,MICH,RB,1,13,13.0,13,0
PJ Johnson III,NMSU,WR,2,13,6.5,7,0
Simeon Price,MSST,RB,2,13,6.5,8,0
Jacob Coleman,MTSU,WR,2,13,6.5,10,0
Malik Bowen-Sims,DUKE,WR,3,13,4.3,12,0
Ryan Morgan,ASU,TE,2,13,6.5,10,0
Kevin Diaz,ARST,TE,2,13,6.5,8,0
Jace Wilson,UTSA,WR,1,13,13.0,13,0
Raymond Cottrell,TA&M,WR,1,13,13.0,13,1
Makai Lemon,USC,WR,4,13,3.3,6,0
Jaden Platt,TA&M,TE,1,13,13.0,13,1
Famah Toure,RUTG,WR,1,13,13.0,13,0
Justyn Reid,USM,TE,1,13,13.0,13,0
Zach Mundell,ARMY,QB,2,13,6.5,7,0
Jacoby Bellazar,MSST,WR,1,13,13.0,13,0
Landan Brown,SHSU,RB,3,13,4.3,6,0
Anthony Grant,NEB,RB,3,12,4.0,9,0
Chez Mellusi,WIS,RB,3,12,4.0,11,0
D'Wan Mathis,TEM,WR,2,12,6.0,9,0
Dontae McMillan,EMU,RB,1,12,12.0,12,0
Keontez Lewis,WIS,WR,1,12,12.0,12,0
Nick Kallerup,MINN,TE,3,12,4.0,5,0
Donavyn Lester,UNLV,RB,4,12,3.0,7,0
Jordan Poole,NCSU,LB,1,12,12.0,12,1
Maximilian Mang,SYR,TE,2,12,6.0,7,1
Kaden Dudley,BOIS,RB,4,12,3.0,7,0
Heinrich Haarberg,NEB,QB,2,12,6.0,10,0
Lawson Albright,NU,TE,2,12,6.0,6,0
Greg Gaines III,ISU,WR,2,12,6.0,8,0
Jaydon Johnson,UL,WR,1,12,12.0,12,0
Braylon James,ND,WR,1,12,12.0,12,0
Deems May,UNC,TE,1,12,12.0,12,0
Kris Williams,UNLV,DB,1,12,12.0,12,0
Willie Gaines,COLO,WR,2,12,6.0,9,0
Victor Snow,BUFF,WR,1,12,12.0,12,0
Sam Hicks,CMU,RB,4,12,3.0,8,0
Olsen Patt-Henry,CLEM,TE,1,12,12.0,12,0
Jayden O'Rourke,NEV,TE,1,12,12.0,12,0
Courtney Reese,UNLV,RB,4,11,2.8,13,0
Charlie Vincent,UTAH,RB,2,11,5.5,6,0
Ja'Shaun Poke,WVU,WR,2,11,5.5,11,0
Rodrigues Clark,USM,RB,3,11,3.7,7,0
Owen McGowan,BC,LB,2,11,5.5,9,1
Jacob Gill,NU,WR,1,11,11.0,11,0
Connor Witthoft,UNM,TE,1,11,11.0,11,0
Aaron Steinfeldt,IU,TE,1,11,11.0,11,0
JJ Henry,MISS,WR,1,11,11.0,11,0
Donald Chaney Jr.,MIA,RB,4,11,2.8,4,0
Robert Briggs Jr.,USU,RB,6,11,1.8,6,0
Terry Moore,DUKE,S,1,11,11.0,11,0
Josiah Zamora,USC,WR,2,11,5.5,6,0
Amin Hassan,NAVY,RB,3,11,3.7,5,0
Zach Vigil,UNM,RB,2,11,5.5,9,0
Wayne Knight,JMU,RB,1,11,11.0,11,0
Cole Adams,ALA,WR,2,11,5.5,7,0
Matthew Klopfenstein,BAY,TE,2,11,5.5,6,0
Jesse Ofurie,RUTG,WR,2,11,5.5,7,0
Dee Williams,TENN,DB,1,11,11.0,11,0
Cataurus Hicks,LOU,WR,1,11,11.0,11,0
Nate Johnson,BC,WR,1,11,11.0,11,0
Jyaire Shorter,AUB,WR,1,10,10.0,10,0
Jordan Morris,SHSU,DB,1,10,10.0,10,0
Jalen Jackson,ULM,WR,1,10,10.0,10,0
Julian Ortega-Jones,TXST,WR,2,10,5.0,6,0
Darwin Barlow,USC,RB,1,10,10.0,10,0
Andrew Bench,BGSU,TE,2,10,5.0,8,0
Nate Muersch,M-OH,TE,3,10,3.3,5,1
Ethan Wright,CIN,RB,1,10,10.0,10,0
Joshua Rawlings,UVA,TE,2,10,5.0,9,1
Jack Coulson,KENT,WR,2,10,5.0,5,0
Jelani Stafford,CONN,DL,1,10,10.0,10,0
Charlie Browder,TENN,TE,2,10,5.0,8,0
Colby Powers,TLSA,TE,2,10,5.0,8,0
Jamal Johnson,BGSU,RB,2,10,5.0,8,0
Brandon Thomas,MEM,RB,2,10,5.0,6,0
EJ Wilson Jr.,TEM,RB,4,10,2.5,9,0
DJ Allen,TCU,WR,2,10,5.0,7,0
Victor Venn,LIB,RB,2,10,5.0,9,1
Ashton Hayes,NEV,RB,5,10,2.0,4,0
Charles Rogers,SJSU,LB,1,10,10.0,10,1
Gavin Yates,BAY,TE,2,10,5.0,8,0
Xavier Terrell,FAU,RB,2,10,5.0,6,0
Dylan Braithwaite,RUTG,WR,1,10,10.0,10,0
Eli Finley,LT,TE,2,10,5.0,5,0
Tyree Kelly,USF,WR,1,10,10.0,10,0
Dorian Lewis,UNM,RB,2,10,5.0,8,0
Quin Smith,AFA,WR,1,10,10.0,10,0
Jamai East,ORST,WR,1,10,10.0,10,0
Marcus Rogers,TROY,WR,2,9,4.5,5,0
Jahmyl Jeter,TXST,RB,1,9,9.0,9,0
Jalen Knox,MISS,WR,1,9,9.0,9,0
Matt Salerno,ND,WR,1,9,9.0,9,0
Rahmir Johnson,NEB,RB,3,9,3.0,6,0
Nolan Matthews-Harris,SMU,TE,1,9,9.0,9,1
B.J. Harris,CMU,RB,1,9,9.0,9,0
J.J. Sparkman,TTU,WR,2,9,4.5,8,0
Daniel Hishaw Jr.,KU,RB,1,9,9.0,9,0
Todd Justice,USA,TE,2,9,4.5,6,0
Isaac Ross,MASS,WR,3,9,3.0,6,0
Caleb Hood,UNC,RB,1,9,9.0,9,0
Damien Taylor,TROY,RB,4,9,2.3,4,1
Banks Pope,CLEM,TE,1,9,9.0,9,0
Jaleel Skinner,MIA,TE,1,9,9.0,9,0
Patrick Gurd,OSU,TE,1,9,9.0,9,0
Gabe Burkle,ISU,TE,2,9,4.5,5,0
Sedrick Irvin,STAN,RB,2,9,4.5,5,0
Ajay Allen,MIA,RB,4,9,2.3,6,0
Ethan Davies,UVA,WR,1,9,9.0,9,0
Jack Lausch,NU,QB,2,9,4.5,7,0
Xayvion Turner-Bradshaw,VT,WR,1,9,9.0,9,0
Brandon Crum,USA,TE,2,8,4.0,5,1
Will Howard,KSU,QB,1,8,8.0,8,1
Kris Hutson,ORE,WR,1,8,8.0,8,0
Avery Morrow,CSU,RB,3,8,2.7,14,0
Evan Morris,MSU,TE,4,8,2.0,4,0
Francis Sherman,ARK,TE,1,8,8.0,8,0
Colby McDonald,MD,RB,3,8,2.7,4,0
Anthony Smith,NCSU,WR,1,8,8.0,8,0
Cristian Driver,PSU,WR,1,8,8.0,8,0
Justin Morris,BALL,TE,1,8,8.0,8,0
Haakon Anderson,WIS,WR,1,8,8.0,8,0
Marlin Klein,MICH,TE,1,8,8.0,8,0
Max Reese,EMU,TE,2,8,4.0,6,0
Camden Sirmon,WASH,WR,1,8,8.0,8,0
Quentin Moore,WASH,TE,1,8,8.0,8,0
Peyton O'Leary,MICH,WR,1,8,8.0,8,1
Keyshaun Pipkin,NIU,WR,1,8,8.0,8,0
Jaron Tibbs,PUR,WR,1,8,8.0,8,0
Jeremiah Aaron,WVU,WR,1,8,8.0,8,0
Denzil Alleyne,WKU,WR,1,8,8.0,8,1
Jamari Person,CSU,WR,1,8,8.0,8,0
Andrew Schnackenberg,BUFF,TE,2,8,4.0,6,1
Leo Kemp,SDSU,RB,1,8,8.0,8,0
Jacqez Barksdale,BUFF,RB,6,8,1.3,4,0
Brian Snead,ARST,RB,1,7,7.0,7,0
Solomon Vanhorse,JMU,RB,1,7,7.0,7,0
Elijah Downing,LOU,WR,1,7,7.0,7,0
Velton Gardner,SMU,RB,1,7,7.0,7,0
Rod Heard II,NU,DB,1,7,7.0,7,0
Micah Hilts,SMU,TE,1,7,7.0,7,0
Demarkcus Bowman,UCF,RB,2,7,3.5,4,0
Kurtis Rourke,OHIO,QB,1,7,7.0,7,0
J'Wan Evans,JVST,RB,2,7,3.5,5,0
Bayne Tryon,TLSA,TE,1,7,7.0,7,1
AJ Toney,MTSU,WR,3,7,2.3,7,0
Braylon Braxton,TLSA,QB,1,7,7.0,7,0
Jaison Patterson,BGSU,RB,1,7,7.0,7,0
Landon Rogers,UNLV,WR,1,7,7.0,7,0
Zay Franks,USM,WR,1,7,7.0,7,0
Zuberi Mobley,FAU,RB,1,7,7.0,7,0
Dakota Twitty,UVA,WR,1,7,7.0,7,0
James Jointer Jr.,LIB,RB,1,7,7.0,7,0
Xavier Arline,NAVY,QB,2,7,3.5,6,0
Isaiah Garcia-Castaneda,NEB,WR,1,7,7.0,7,0
Charlie Spegal,BALL,RB,1,7,7.0,7,0
Marvin Landy,FAU,TE,1,7,7.0,7,0
Caleb Merritt,WYO,WR,1,7,7.0,7,0
Roger Walters,CLT,WR,1,7,7.0,7,0
William Fowles,LOU,WR,1,7,7.0,7,0
Evan Malcore,NIU,OL,0,7,0.0,7,0
Cole Speer,UGA,WR,1,7,7.0,7,0
Robert Stafford,MIA,DB,1,7,7.0,7,0
Quinten Joyner,USC,RB,1,7,7.0,7,0
Israel Carter,USF,QB,1,7,7.0,7,0
Montravius Lloyd,PITT,RB,1,7,7.0,7,0
Jayvontay Conner,MISS,TE,1,7,7.0,7,0
Elija Walton,GASO,TE,1,7,7.0,7,0
Justin Williams-Thomas,CAL,RB,1,7,7.0,7,0
Luca Caldarella,UTAH,WR,1,7,7.0,7,0
Jamarion Carroll,SMU,WR,1,7,7.0,7,0
Arhmad Branch,PUR,WR,1,7,7.0,7,0
Dayton Sneed,TENN,WR,1,7,7.0,7,0
Artis Cole,FRES,WR,1,7,7.0,7,0
Joe Milton III,TENN,QB,1,6,6.0,6,0
Isaac Hodgins,ORST,DL,2,6,3.0,4,1
D'Marcus Adams,SYR,WR,1,6,6.0,6,0
Shawn Bowman,RUTG,TE,1,6,6.0,6,0
Noah Cain,LSU,RB,1,6,6.0,6,1
Micah Bernard,UTAH,RB,2,6,3.0,8,0
Deon Fountain,CCU,WR,1,6,6.0,6,0
Malick Meiga,PSU,WR,2,6,3.0,7,0
Leon Franklin,MICH,RB,1,6,6.0,6,0
Jake Schultz,OKST,FB,1,6,6.0,6,0
Kadinn Morris,WMU,TE,1,6,6.0,6,0
Josh Sterzer,USU,TE,1,6,6.0,6,0
Braden Davis,SYR,QB,2,6,3.0,7,0
Mason Wheeler,WASH,WR,1,6,6.0,6,0
Bryan Henry,HOU,TE,1,6,6.0,6,1
Michael McCalmont,CIN,TE,1,6,6.0,6,0
Keith Willis Jr.,LT,RB,3,6,2.0,4,0
Billy Durocher,LIB,TE,1,6,6.0,6,0
Jamari Ferrell,WYO,RB,1,6,6.0,6,0
David Wells Jr.,ORST,WR,1,6,6.0,6,0
Jacob Godfrey,UNM,WR,1,6,6.0,6,0
Erik Pizarro,KSU,WR,1,5,5.0,5,0
Asher Alberding,CAL,TE,1,5,5.0,5,0
Sean Tyler,MINN,RB,4,5,1.3,13,0
Jude Wolfe,USC,TE,2,5,2.5,3,1
Ethan Garbers,UCLA,QB,1,5,5.0,5,0
Micah Kelly,TOL,RB,1,5,5.0,5,0
Corey Wren,TCU,RB,1,5,5.0,5,0
Joe Royer,OSU,TE,1,5,5.0,5,0
Sean Greeley,MD,LB,2,5,2.5,4,2
Jack Kennedy,NU,WR,1,5,5.0,5,0
Avery White,USM,TE,1,5,5.0,5,0
Bobby Wooden,UNM,S,1,5,5.0,5,0
Joey Bearns III,CLT,TE,2,5,2.5,7,0
Myles Montgomery,CIN,RB,5,5,1.0,4,0
Max Patterson,RUTG,WR,1,5,5.0,5,0
Willie Shaw III,TOL,RB,1,5,5.0,5,0
Xavier Coleman,BC,RB,1,5,5.0,5,0
Troy Lewis,JMU,WR,1,5,5.0,5,0
Janiran Bonner,NEB,FB,1,5,5.0,5,0
Max Holler,UCF,TE,1,5,5.0,5,0
Dylan Paine,WSU,RB,1,5,5.0,5,0
Trey Holly,LSU,RB,1,5,5.0,5,0
Lawson Luckie,UGA,TE,1,5,5.0,5,0
Kyler Kasper,ORE,WR,1,5,5.0,5,0
Robert Smith,MD,WR,2,5,2.5,5,0
George Hart III,ASU,RB,1,5,5.0,5,0
Taharin Sudderth,MTSU,WR,1,5,5.0,5,0
Brock Rechsteiner,JVST,WR,1,5,5.0,5,0
Danny Lewis Jr.,ALA,TE,1,5,5.0,5,0
Kenyon Clay,USM,RB,1,5,5.0,5,0
Evan Dickens,GT,RB,1,5,5.0,5,0
Anthony Frias II,KSU,RB,2,5,2.5,5,0
A.J. Turner,MRSH,RB,1,5,5.0,5,0
Jojo Phillips,BYU,WR,1,5,5.0,5,1
Tahj Gary,TLSA,RB,1,4,4.0,4,0
Dominique Johnson,ARK,RB,2,4,2.0,6,0
Elijah Canion,PUR,WR,1,4,4.0,4,0
Daniel Carter,PITT,RB,3,4,1.3,4,0
Justin Johnson Jr.,WVU,RB,2,4,2.0,3,0
Kyrese Rowan,USU,WR,1,4,4.0,4,0
Nick Harris,CONN,TE,1,4,4.0,4,1
Deyunkrea Lewis,TROY,TE,1,4,4.0,4,0
Trevor Borland,WKU,TE,1,4,4.0,4,0
Keegan Wilburn,OHIO,WR,1,4,4.0,4,0
Corey Cuascut-Palmer,TEM,CB,1,4,4.0,4,0
Donnie Gray,NU,WR,1,4,4.0,4,0
Kelan Robinson,ECU,WR,1,4,4.0,4,0
Caleb Driskill,WYO,FB,1,4,4.0,4,1
Caleb Schmitz,CIN,TE,1,4,4.0,4,0
Chase Ketterer,ND,RB,1,4,4.0,4,0
Elijah Wright,SYR,DL,1,4,4.0,4,0
Preston Daniel,FSU,TE,1,4,4.0,4,1
Ethan Dirrim,GASO,TE,3,4,1.3,2,0
Tobias Weaver,SHSU,RB,1,4,4.0,4,0
Jensen Jones,AFA,QB,1,4,4.0,4,0
Drew Allar,PSU,QB,1,4,4.0,4,0
Mata'ava Ta'ase,BYU,TE,1,4,4.0,4,0
Karmello English,MICH,WR,1,4,4.0,4,1
John Locke,LT,TE,2,4,2.0,3,1
Domonique Thomas,CLEM,RB,1,4,4.0,4,0
Cam Thompson,NIU,WR,1,4,4.0,4,0
Ryan Butler,STAN,RB,1,4,4.0,4,0
Tony Livingston,FLA,TE,1,4,4.0,4,0
Tyler Williams,UGA,WR,1,4,4.0,4,0
Micah Woods,BUFF,WR,1,4,4.0,4,0
Marcello Bussey,MEM,WR,1,4,4.0,4,0
Elijah Davis,UL,RB,1,4,4.0,4,0
Alan Bowman,OKST,QB,1,3,3.0,3,0
Rashad Amos,M-OH,RB,4,3,0.8,6,0
Nolan Rucci,WIS,OL,1,3,3.0,3,1
Kamarro Edmonds,ECU,RB,1,3,3.0,3,0
Brandon Campbell,HOU,RB,1,3,3.0,3,0
Kendrell Flowers,NIU,RB,1,3,3.0,3,0
Talmage Gunther,BYU,WR,1,3,3.0,3,0
Jeremiah Webb,USA,WR,1,3,3.0,3,1
Thomas Zsiros,TOL,WR,1,3,3.0,3,0
Terry Wilkins,MTSU,RB,2,3,1.5,3,0
Gavin Garcia,KENT,RB,1,3,3.0,3,0
KZ Adams,GAST,RB,1,3,3.0,3,0
Quinn Ewers,TEX,QB,1,3,3.0,3,0
Christian Washington,UNM,RB,1,3,3.0,3,0
Dylan Wade,MD,TE,2,3,1.5,3,1
Kellan Hood,UNC,RB,1,3,3.0,3,0
Keaton Cheves,SMU,WR,1,3,3.0,3,0
Daelen Alexander,RICE,RB,1,3,3.0,3,1
Will Monney,USU,TE,1,3,3.0,3,0
Rickey Hunt,OHIO,RB,1,3,3.0,3,0
Dorian Smith,USA,RB,1,3,3.0,3,0
Duke Olges,NU,TE,1,2,2.0,2,0
Emery Simmons,UTAH,WR,1,2,2.0,2,0
Kedon Slovis,BYU,QB,1,2,2.0,2,0
Malik Hornsby,TXST,QB,1,2,2.0,2,0
Christian Moore,KSU,TE,1,2,2.0,2,1
Evan Pryor,OSU,RB,1,2,2.0,2,0
DJ Williams,ARIZ,RB,1,2,2.0,2,0
Hampton Earle,CLEM,WR,1,2,2.0,2,0
Jhaylin Embry,BGSU,WR,1,2,2.0,2,0
Treylan Davis,WVU,TE,2,2,1.0,1,0
Stone Eby,SMU,OL,1,2,2.0,2,1
Hahsaun Wilson,CLT,RB,1,2,2.0,2,0
Jayshon Platt,FAU,WR,1,2,2.0,2,0
CJ Hester,WMU,RB,1,2,2.0,2,0
Reed Harris,BC,WR,1,2,2.0,2,0
Chris Johnson Jr.,MIA,RB,1,2,2.0,2,0
MarKendrick Beall,SHSU,OL,1,2,2.0,2,0
Xavier Williams,KENT,RB,1,1,1.0,1,0
Peyton Sawyer,HOU,WR,1,1,1.0,1,0
Garrett Shrader,SYR,QB,4,1,0.3,9,0
Shea Whiting,BOIS,WR,1,1,1.0,1,0
Alex Huntley,SC,DT,1,1,1.0,1,1
Trevonte Sylvester,LOU,OL,1,1,1.0,1,1
Byron Murphy II,TEX,DL,1,1,1.0,1,1
Amaad Foston,UVA,RB,1,1,1.0,1,0
Tanner Arkin,ILL,TE,1,1,1.0,1,1
Daylan Smothers,OU,RB,1,1,1.0,1,0
Johnny Pascuzzi,IOWA,TE,1,1,1.0,1,0
Jordan Nubin,MINN,RB,2,1,0.5,4,0
Bert Auburn,TEX,PK,1,1,1.0,1,0
Makhilyn Young,NMSU,RB,1,1,1.0,1,0
Bryson Washington,BAY,RB,1,1,1.0,1,0
Ka'Morreun Pimpton,LSU,TE,1,1,1.0,1,0
Brady Small,ARMY,OL,0,1,0.0,1,0
Dante Zanders,FLA,TE,1,-1,-1.0,0,0
Ta'Quan Roberson,CONN,QB,0,-1,0.0,0,0
Cam'ron Barfield,BC,RB,1,-1,-1.0,0,0
Matt Jones,MISS,RB,1,-1,-1.0,0,0
Carter Lambert,JVST,QB,1,-1,-1.0,-1,0
Jordan Lovett,TROY,RB,1,-1,-1.0,0,0
Caleb Goodie,CSU,WR,1,-1,-1.0,-1,0
Drayden Dickmann,RICE,WR,1,-1,-1.0,-1,0
Nathan Roberts,TENN,WR,1,-1,-1.0,-1,0
Ray Paulo,BYU,TE,1,-1,-1.0,0,0
Colson Yankoff,UCLA,RB,1,-2,-2.0,0,0
Tramel Logan,USF,DE,1,-2,-2.0,-2,0
Terrence Williams,UL,RB,1,-2,-2.0,0,0
Dallan Hayden,OSU,RB,1,-2,-2.0,0,0
Jack Browning,SDSU,PK,1,-2,-2.0,0,0
Kaleb Black,ASU,WR,1,-2,-2.0,0,0
Dedrick Latulas,LT,WR,3,-2,-0.7,2,0
Jordan Houston,NCSU,RB,3,-3,-1.0,0,0
Bronson Barron,WKU,QB,1,-3,-3.0,0,0
Nasjzae Bryant-Lelei,HAW,RB,1,-3,-3.0,0,0
Zion Fowler-El,PITT,WR,1,-3,-3.0,-3,0
Devin Leary,UK,QB,1,-4,-4.0,0,0
Sam Hartman,ND,QB,0,-4,0.0,0,0
Jalen Coit,NCSU,WR,2,-4,-2.0,0,0
Chase Lundt,CONN,OL,0,-6,0.0,-6,0
Blake Shapen,BAY,QB,1,-6,-6.0,0,0
Jarrett Guest,CCU,QB,1,-7,-7.0,0,0
Miles Davis,BYU,RB,1,-7,-7.0,0,0
Ethan Vasko,CCU,QB,1,-7,-7.0,0,0
Zac Larrier,AFA,QB,1,-8,-8.0,0,0
Dewayne Coleman,ARMY,QB,0,-10,0.0,0,0
Thomas Castellanos,BC,QB,2,-11,-5.5,0,0
