Player,School,POS,ATT,YDS,AVG,LNG,TD
Omarion Hampton,UNC,RB,225,1414,6.3,68,15
Ollie Gordon II,OKST,RB,211,1414,6.7,75,15
Tahj Brooks,TTU,RB,250,1352,5.4,46,9
Marcus Carroll,GAST,RB,259,1293,5.0,63,13
Kimani Vidal,TROY,RB,238,1280,5.4,69,8
Cody Schrader,MIZ,RB,220,1272,5.8,52,12
Jaydn Ott,CAL,RB,208,1180,5.7,66,11
Peny Boone,TOL,RB,162,1173,7.2,71,13
Quinton Cooley,LIB,RB,189,1168,6.2,60,10
RJ Harvey,UCF,RB,190,1160,6.1,92,14
Damien Martinez,ORST,RB,181,1147,6.3,64,9
Jonathon Brooks,TEX,RB,187,1139,6.1,67,10
Ismail Mahdi,TXST,RB,176,1112,6.3,65,9
Kay'Ron Lynch-Adams,MASS,RB,218,1106,5.1,47,10
Audric Estime,ND,RB,185,1103,6.0,80,14
Devin Neal,KU,RB,173,1103,6.4,75,13
Makhi Hughes,TULN,RB,206,1080,5.2,43,6
Antario Brown,NIU,RB,176,1075,6.1,80,9
Emani Bailey,TCU,RB,202,1059,5.2,74,7
Frank Gore Jr.,USM,RB,218,1036,4.8,75,9
Jayden Daniels,LSU,QB,124,1014,8.2,85,10
Jawhar Jordan,LOU,RB,150,1009,6.7,74,11
La'Damian Webb,USA,RB,186,1007,5.4,65,16
Ashton Jeanty,BOIS,RB,169,1006,6.0,68,12
Bucky Irving,ORE,RB,149,1002,6.7,56,10
Ray Davis,UK,RB,172,990,5.8,75,12
Rasheen Ali,MRSH,RB,189,987,5.2,61,14
Kyle Monangai,RUTG,RB,197,981,5.0,55,7
DJ Giddens,KSU,RB,164,961,5.9,43,8
Kairee Robinson,SJSU,RB,141,959,6.8,52,16
Jacory Croskey-Merritt,UNM,RB,158,952,6.0,55,16
Blake Watson,MEM,RB,162,950,5.9,69,13
Corey Kiner,CIN,RB,174,941,5.4,68,5
Jaylen Wright,TENN,RB,126,938,7.4,82,4
Quinshon Judkins,MISS,RB,209,933,4.5,40,14
LeQuint Allen,SYR,RB,193,918,4.8,56,9
Jalen Buckley,WMU,RB,171,918,5.4,75,9
Marquez Cooper,BALL,RB,196,907,4.6,39,4
Jalen White,GASO,RB,159,891,5.6,45,9
Blake Corum,MICH,RB,180,888,4.9,54,20
Ayo Adeyi,UNT,RB,125,885,7.1,47,4
Dillon Johnson,WASH,RB,152,879,5.8,53,11
Jamal Haynes,GT,RB,141,850,6.0,67,7
Jonah Coleman,ARIZ,RB,118,834,7.1,59,4
Thomas Castellanos,BC,QB,175,827,4.7,45,10
Kaidon Salter,LIB,QB,128,823,6.4,43,11
MarShawn Lloyd,USC,RB,116,820,7.1,56,9
Braelon Allen,WIS,RB,155,819,5.3,52,10
Malik Jackson,JVST,RB,125,817,6.5,68,6
Bryson Daily,ARMY,QB,188,817,4.3,62,7
Phil Mafah,CLEM,RB,149,805,5.4,49,9
TreVeyon Henderson,OSU,RB,118,794,6.7,75,10
Deion Hankins,UTEP,RB,152,794,5.2,54,4
Carson Steele,UCLA,RB,155,794,5.1,42,6
Nate Noel,APP,RB,159,787,4.9,68,5
Harrison Waylee,WYO,RB,133,785,5.9,75,4
Rashad Amos,M-OH,RB,149,784,5.3,66,9
Anthony Watkins,TLSA,RB,179,783,4.4,36,4
CJ Donaldson Jr.,WVU,RB,166,775,4.7,32,11
Jarquez Hunter,AUB,RB,132,772,5.8,67,7
Devin Mockobee,PUR,RB,154,765,5.0,65,6
Terion Stewart,BGSU,RB,125,762,6.1,54,8
Nay'Quan Wright,USF,RB,161,757,4.7,47,7
Nathan Carter,MSU,RB,178,753,4.2,44,4
Quali Conley,SJSU,RB,108,747,6.9,68,8
Trey Benson,FSU,RB,119,743,6.2,85,11
Malik Sherrod,FRES,RB,137,739,5.4,72,7
Diego Pavia,NMSU,QB,134,738,5.5,44,5
Jase McClellan,ALA,RB,151,737,4.9,29,6
Emmanuel Michel,AFA,FB,163,733,4.5,53,9
Daijun Edwards,UGA,RB,134,726,5.4,62,10
Alex Tecza,NAVY,FB,115,723,6.3,75,5
Jordan Waters,DUKE,RB,133,722,5.4,83,12
Will Shipley,CLEM,RB,141,718,5.1,33,5
Kaytron Allen,PSU,RB,147,714,4.9,34,6
Montrell Johnson Jr.,FLA,RB,134,710,5.3,48,4
Trevor Etienne,FLA,RB,121,710,5.9,62,8
Byrum Brown,USF,QB,181,702,3.9,60,10
Davon Booth,USU,RB,109,691,6.3,49,5
Sieh Bangura,OHIO,RB,155,690,4.5,26,6
Jermaine Brown Jr.,UAB,RB,140,687,4.9,40,10
Marion Lukes,CMU,RB,129,684,5.3,46,5
Kye Robichaux,BC,RB,146,683,4.7,57,6
Larry McCammon,FAU,RB,146,675,4.6,40,5
Cameron Skattebo,ASU,RB,147,675,4.6,66,8
TJ Harden,UCLA,RB,126,675,5.4,62,6
Jacob Kibodi,UL,RB,114,674,5.9,69,6
Ja'Quinden Jackson,UTAH,RB,132,674,5.1,54,4
Mario Anderson,SC,RB,130,672,5.2,75,3
Tyrone Tracy Jr.,PUR,RB,102,668,6.5,62,8
Leshon Williams,IOWA,RB,139,668,4.8,82,1
Ja'Quez Cross,ARST,RB,109,661,6.1,66,6
Jahiem White,WVU,RB,80,659,8.2,47,3
Zion Webb,JVST,QB,108,647,6.0,61,7
Jaylan Knighton,SMU,RB,113,645,5.7,95,6
Logan Diggs,LSU,RB,113,635,5.6,35,6
Dean Connors,RICE,RB,92,632,6.9,57,5
Oscar Adaway III,UNT,RB,105,625,6.0,77,6
Haynes King,GT,QB,98,624,6.4,71,7
Torrance Burgess Jr.,UTEP,RB,124,620,5.0,40,2
Jordan James,ORE,RB,86,618,7.2,37,9
Lorenzo Lingard,AKR,RB,137,612,4.5,71,4
Bhayshul Tuten,VT,RB,139,610,4.4,49,7
Kevorian Barnes,UTSA,RB,127,606,4.8,44,6
Garrett Greene,WVU,QB,97,605,6.2,35,11
Darren Grainger,GAST,QB,121,601,5.0,65,7
Treshaun Ward,KSU,RB,113,595,5.3,52,4
Kadarius Calloway,ODU,RB,78,594,7.6,75,4
Kyron Drones,VT,QB,139,592,4.3,59,4
Jaquez Moore,DUKE,RB,97,591,6.1,58,5
Darius Taylor,MINN,RB,103,591,5.7,43,4
Kiael Kelly,BALL,QB,115,588,5.1,44,7
Demond Claiborne,WAKE,RB,137,586,4.3,42,5
Isaac Guerendo,LOU,RB,92,585,6.4,73,8
Nicholas Singleton,PSU,RB,145,584,4.0,20,7
Star Thomas,NMSU,RB,95,582,6.1,40,4
Rahsul Faison,USU,RB,87,582,6.7,60,4
Vincent Davis Jr.,UNLV,RB,109,579,5.3,69,5
Zac Larrier,AFA,QB,133,579,4.4,41,5
Daniel Hishaw Jr.,KU,RB,111,574,5.2,29,8
Ron Cook Jr.,BUFF,RB,138,566,4.1,36,5
Kaelon Black,JMU,RB,124,559,4.5,57,1
Zak Wallace,ARST,RB,121,556,4.6,41,6
Keshawn Wicks,ODU,RB,108,552,5.1,36,4
Tyre Shelton,LT,RB,97,551,5.7,56,5
Roman Hemby,MD,RB,120,550,4.6,40,4
Cam Porter,NU,RB,140,549,3.9,34,4
Shomari Lawrence,FIU,RB,118,546,4.6,67,4
LJ Johnson Jr.,SMU,RB,99,542,5.5,67,3
Johnny Richardson,UCF,RB,81,542,6.7,79,1
Jo'Quavious Marks,MSST,RB,109,534,4.9,52,4
Monte Watkins,NMSU,RB,49,531,10.8,80,2
Rodney Hammond Jr.,PITT,RB,106,526,5.0,66,4
Brennan Armstrong,NCSU,QB,117,522,4.5,43,6
Robert Henry,UTSA,RB,102,519,5.1,43,9
Camryn Edwards,CONN,RB,104,516,5.0,39,2
John Lee Eldridge III,AFA,RB,71,515,7.3,65,6
Justice Ellison,WAKE,RB,109,510,4.7,51,0
Samson Evans,EMU,RB,120,508,4.2,61,11
CJ Baxter,TEX,RB,107,507,4.7,54,3
Dequan Finn,TOL,QB,101,506,5.0,56,6
Amari Daniels,TA&M,RB,92,505,5.5,79,5
Brendon Lewis,NEV,QB,118,504,4.3,31,4
Jaylon Jackson,EMU,RB,109,502,4.6,55,2
Emory Jones,CIN,QB,142,499,3.5,25,4
Hunter Smith,ULM,RB,90,497,5.5,62,3
Deshaun Fenwick,ORST,RB,89,497,5.6,38,5
LJ Martin,BYU,RB,105,497,4.7,55,4
Sean Dollars,NEV,RB,143,496,3.5,33,6
Ty Son Lawton,JMU,RB,112,495,4.4,28,4
Dominic Richardson,BAY,RB,115,494,4.3,32,0
Zeon Chriss,UL,QB,73,492,6.7,80,6
Kendall Milton,UGA,RB,81,488,6.0,51,8
Kanye Roberts,APP,RB,86,486,5.7,61,4
Gavin Sawchuk,OU,RB,83,480,5.8,64,5
Victor Rosa,CONN,RB,97,479,4.9,71,2
George Holani,BOIS,RB,80,478,6.0,75,5
Heinrich Haarberg,NEB,QB,120,477,4.0,72,5
Eli Sanders,ISU,RB,102,477,4.7,29,4
Jalon Jones,CLT,QB,110,476,4.3,58,4
Henry Parrish Jr.,MIA,RB,78,468,6.0,37,4
Mark Fletcher Jr.,MIA,RB,91,468,5.1,54,4
Donald Chaney Jr.,MIA,RB,91,467,5.1,29,2
Roydell Williams,ALA,RB,86,467,5.4,48,3
Tawee Walker,OU,RB,90,467,5.2,30,6
Payton Thorne,AUB,QB,110,463,4.2,61,3
Reggie Love III,ILL,RB,93,461,5.0,61,4
Gavin Garcia,KENT,RB,117,460,3.9,42,2
Ulysses Bentley IV,MISS,RB,82,458,5.6,43,4
Parker Jenkins,HOU,RB,94,456,4.9,31,3
Jai'Den Thomas,UNLV,RB,97,453,4.7,46,9
Jabari Small,TENN,RB,91,445,4.9,40,2
Elijah Young,WKU,RB,88,444,5.0,64,3
Dre'lyn Washington,UL,RB,76,442,5.8,62,2
Jordan Nubin,MINN,RB,100,442,4.4,21,2
Kejon Owens,FIU,RB,76,440,5.8,47,5
Gavin Wimsatt,RUTG,QB,106,440,4.2,80,7
Le'Veon Moss,TA&M,RB,87,439,5.0,36,4
Jaylen Thomas,KENT,RB,123,438,3.6,34,2
Kaden Feagin,ILL,RB,95,438,4.6,25,2
Kanye Udoh,ARMY,RB,86,436,5.1,23,1
Dylan Sampson,TENN,RB,76,434,5.7,44,7
Jalen Mayden,SDSU,QB,114,432,3.8,56,4
KJ Jefferson,ARK,QB,159,432,2.7,26,2
Owen Burk,AFA,RB,79,431,5.5,39,3
Zahir Abdus-Salaam,WMU,RB,113,427,3.8,19,5
Isaiah Woullard,ULM,RB,93,426,4.6,44,1
Donavyn Lester,UNLV,RB,89,426,4.8,66,9
Myles Bailey,CMU,RB,92,425,4.6,48,3
Garrett Shrader,SYR,QB,103,423,4.1,39,7
Billy Lucas,LIB,RB,82,423,5.2,20,4
Donerio Davenport,TXST,RB,84,423,5.0,43,2
Austin Jones,USC,RB,74,417,5.6,37,7
John Rhys Plumlee,UCF,QB,76,415,5.5,32,4
Rocko Griffin,UTSA,RB,76,415,5.5,69,4
Myles Montgomery,CIN,RB,63,413,6.6,63,3
Aidan Robbins,BYU,RB,85,411,4.8,36,1
Anthony Grant,NEB,RB,100,409,4.1,34,3
Jaiden Credle,MTSU,RB,86,409,4.8,71,2
Jaylon Armstead,SDSU,RB,88,407,4.6,48,7
Jaylon Glover,UTAH,RB,104,406,3.9,21,2
Rodrigues Clark,USM,RB,66,405,6.1,59,2
Donovan Smith,HOU,QB,124,404,3.3,35,6
O'Shaan Allison,OHIO,RB,127,402,3.2,30,3
Anwar Lewis,JVST,RB,80,402,5.0,40,3
Robert Briggs Jr.,USU,RB,77,401,5.2,58,2
Jacquez Stuart,TOL,RB,87,400,4.6,24,4
Bill Jackson,TLSA,RB,82,398,4.9,38,0
Nicholas Vattiato,MTSU,QB,127,394,3.1,30,2
Perris Jones,UVA,RB,76,393,5.2,43,2
Vann Schield,CSU,RB,90,389,4.3,52,3
Kaleb Johnson,IOWA,RB,94,385,4.1,67,3
Emmett Johnson,NEB,RB,79,384,4.9,29,2
Kentrel Bullock,USA,RB,77,380,4.9,34,3
Braydon Bennett,CCU,RB,83,377,4.5,21,5
Dontae Smith,GT,RB,69,371,5.4,70,3
Kobe Pace,UVA,RB,117,368,3.1,22,1
Jase Bauer,CMU,QB,109,367,3.4,29,9
Isaiah Ifanse,CAL,RB,70,365,5.2,26,7
Seth Davis,MSST,RB,59,356,6.0,46,1
Elijah Gilliam,FRES,RB,91,355,3.9,24,5
Aaron Bedgood,LIB,WR,46,353,7.7,49,3
Riley Leonard,DUKE,QB,58,352,6.1,44,4
Kenan Christon,SDSU,RB,87,350,4.0,39,0
C'Bo Flemister,PITT,RB,93,349,3.8,38,2
Camar Wheaton,SMU,RB,65,347,5.3,48,5
Jaxson Dart,MISS,QB,103,347,3.4,68,7
OJ Arnold,GASO,RB,54,347,6.4,39,3
Dylan Carson,AFA,RB,54,347,6.4,35,1
Gavin Williams,NIU,RB,69,345,5.0,53,3
DJ Williams,ARIZ,RB,79,345,4.4,17,4
Drake Maye,UNC,QB,103,343,3.3,30,8
Cartevious Norton,ISU,RB,87,343,3.9,49,3
Rahjai Harris,ECU,RB,108,340,3.1,21,4
Jaylen Raynor,ARST,QB,100,340,3.4,62,5
Ron Wiggins,JVST,RB,62,338,5.5,37,5
Rueben Owens,TA&M,RB,88,338,3.8,28,3
Dillon Gabriel,OU,QB,86,337,3.9,44,11
Chip Trayanum,OSU,RB,79,336,4.3,40,3
Malachi Thomas,VT,RB,72,336,4.7,35,1
Jambres Dubar,BOIS,RB,62,335,5.4,24,2
Abu Sama III,ISU,RB,56,334,6.0,59,3
Jalen Milroe,ALA,QB,108,332,3.1,53,12
Kobe Lewis,FAU,RB,78,330,4.2,58,2
Terron Kellman,CLT,RB,82,328,4.0,18,1
Mike Washington,BUFF,RB,83,327,3.9,49,2
Sedrick Alexander,VAN,RB,85,325,3.8,27,4
John Gentry,SHSU,RB,102,324,3.2,28,2
Ta'ron Keith,BGSU,RB,53,324,6.1,40,3
Donovan Edwards,MICH,RB,95,323,3.4,22,3
Lawrance Toafili,FSU,RB,54,322,6.0,50,3
Dawson Pendergrass,BAY,RB,74,322,4.4,31,5
Taylen Green,BOIS,QB,63,321,5.1,21,6
Mike Wright,MSST,QB,70,321,4.6,53,3
Dylan Edwards,COLO,RB,75,320,4.3,34,1
Will Howard,KSU,QB,69,318,4.6,70,8
Darvon Hubbard,TEM,RB,72,317,4.4,24,2
Trent Howland,IU,RB,68,317,4.7,19,2
Joquez Smith,TEM,RB,70,316,4.5,51,1
British Brooks,UNC,RB,69,315,4.6,29,2
AJ Green,ARK,RB,63,312,5.0,55,2
Beau Pribula,PSU,QB,52,311,6.0,39,5
Marcus Major,OU,RB,78,308,3.9,19,1
Andrew Peasley,WYO,QB,92,307,3.3,32,5
Chez Mellusi,WIS,RB,51,307,6.0,89,4
Jordan McCloud,JMU,QB,87,306,3.5,47,7
Anthony Hankerson,COLO,RB,73,303,4.2,20,1
Patrick Smith,VAN,RB,70,300,4.3,40,2
Jeremiyah Love,ND,RB,49,299,6.1,36,1
Collin Schlee,UCLA,QB,35,298,8.5,57,3
Devon Dampier,UNM,QB,51,297,5.8,37,2
Frank Harris,UTSA,QB,73,295,4.0,40,4
Ashton Daniels,STAN,QB,99,295,3.0,24,3
Josh Henderson,IU,RB,72,293,4.1,20,2
Greg Desrosiers Jr.,MASS,RB,34,291,8.6,60,4
Jordan Ford,TLSA,RB,75,290,3.9,22,1
Joe Milton III,TENN,QB,73,288,3.9,81,5
Nathaniel Peat,MIZ,RB,68,288,4.2,19,2
Damien Taylor,TROY,RB,59,288,4.9,45,1
Keith Willis Jr.,LT,RB,51,288,5.6,68,7
Logan Smothers,JVST,QB,75,283,3.8,41,6
Luke Altmyer,ILL,QB,94,282,3.0,72,3
Ajay Allen,MIA,RB,58,282,4.9,26,4
Daba Fofana,NAVY,FB,68,281,4.1,20,2
Ryan Montgomery,CIN,RB,46,280,6.1,29,1
Markese Stepp,WKU,RB,62,278,4.5,56,3
Colby McDonald,MD,RB,45,278,6.2,35,2
Frank Peasant,MTSU,RB,72,277,3.8,37,3
Mike Hollins,UVA,RB,79,276,3.5,22,7
Alex Broome,BC,RB,55,275,5.0,36,1
Trey Cooley,GT,RB,64,274,4.3,23,3
Ethan Vasko,CCU,QB,37,273,7.4,75,1
Michael Pratt,TULN,QB,78,271,3.5,26,4
Pat Garwo III,BC,RB,52,270,5.2,50,1
Charvis Thornton,LT,RB,55,270,4.9,47,1
Andrew Henry,UNM,RB,46,268,5.8,33,2
Bryson Barnes,UTAH,QB,74,267,3.6,26,3
Jaylin Lucas,IU,RB,65,265,4.1,25,2
Xavier Arline,NAVY,QB,68,264,3.9,50,2
Sutton Smith,MEM,RB,53,264,5.0,26,2
Richard Reese,BAY,RB,60,264,4.4,28,2
Jamoni Jones,NMSU,RB,65,263,4.0,24,2
Joey Aguilar,APP,QB,66,263,4.0,25,2
Avery Morrow,CSU,RB,81,262,3.2,13,2
Rashod Dubinion,ARK,RB,82,260,3.2,15,1
CJ Beasley,CCU,RB,67,259,3.9,21,2
Lee Beebe,UAB,RB,45,259,5.8,25,2
Nakia Watson,WSU,RB,78,257,3.3,17,4
Maquel Haywood,APP,RB,54,257,4.8,31,1
Jeffery Pittman,MSST,RB,48,253,5.3,59,1
Justin Lamson,STAN,QB,110,252,2.3,17,4
Jared Brown,CCU,WR,14,252,18.0,77,1
Michael Allen,NCSU,RB,52,251,4.8,37,1
Kendrick Raphael,NCSU,RB,53,250,4.7,31,1
Isaiah Jacobs,UAB,RB,55,249,4.5,26,3
Stacy Sneed,HOU,RB,45,249,5.5,58,1
Chandler Morris,TCU,QB,45,249,5.5,32,3
Sione Vaki,UTAH,S,35,249,7.1,72,2
Kenny Tracy,M-OH,RB,44,248,5.6,42,2
Keegan Shoemaker,SHSU,QB,86,248,2.9,29,1
Jiya Wright,ULM,QB,92,248,2.7,44,1
Brendan Sorsby,IU,QB,98,247,2.5,25,4
Michel Dukes,USF,RB,48,246,5.1,30,2
Hahsaun Wilson,CLT,RB,38,245,6.4,34,3
Seth Henigan,MEM,QB,86,242,2.8,24,4
Kevin Concepcion,NCSU,WR,27,242,9.0,65,0
Juma Otoviano,RICE,RB,70,241,3.4,24,4
Antwain Littleton II,MD,RB,65,241,3.7,32,2
Brady Cook,MIZ,QB,88,239,2.7,25,7
Dan Villari,SYR,TE,31,238,7.7,38,2
Tanner Mordecai,WIS,QB,68,237,3.5,19,4
Anthony Colandrea,UVA,QB,63,237,3.8,30,0
Jackson Acker,WIS,RB,58,236,4.1,14,1
Jayden Maiava,UNLV,QB,59,235,4.0,34,3
Nate Johnson,UTAH,QB,59,235,4.0,59,4
Cam'Ron Valdez,TTU,RB,36,233,6.5,54,1
Jensen Jones,AFA,QB,47,233,5.0,37,4
Zach Evans,MINN,RB,52,230,4.4,18,1
Jacqez Barksdale,BUFF,RB,49,230,4.7,39,2
Malik Hornsby,TXST,QB,35,229,6.5,31,6
Isaiah Johnson,UNT,RB,37,229,6.2,28,3
Sean Tyler,MINN,RB,59,228,3.9,19,0
Christian Turner,IU,RB,52,227,4.4,17,2
Brian Battie,AUB,RB,51,227,4.5,24,1
Mason Garcia,ECU,QB,50,227,4.5,57,2
Josh Williams,LSU,RB,37,227,6.1,41,4
Michael Wiley,ARIZ,RB,51,226,4.4,17,1
Sam Scott,WYO,RB,49,226,4.6,19,2
Delbert Mimms III,NCSU,RB,78,225,2.9,18,7
Avery Johnson,KSU,QB,45,225,5.0,30,6
Courtney Reese,UNLV,RB,56,220,3.9,32,4
DeCarlos Brooks,ASU,RB,42,220,5.2,17,3
Robby Ashford,AUB,QB,44,220,5.0,21,5
Bert Emanuel Jr.,CMU,QB,50,220,4.4,66,2
Landon Sims,HAW,RB,54,219,4.1,22,1
E.J. Smith,STAN,RB,52,217,4.2,34,1
Justin Marshall,CSU,RB,37,217,5.9,21,1
Marco Lee Jr.,USA,RB,49,216,4.4,13,2
DJ Irons,AKR,QB,61,215,3.5,47,2
Casey Filkins,STAN,RB,38,215,5.7,59,1
Reese White,CCU,RB,65,213,3.3,14,2
Damari Alston,AUB,RB,45,212,4.7,13,1
Shadrick Byrd,CLT,RB,60,211,3.5,18,0
Max Balthazar,CCU,RB,39,210,5.4,34,2
Maurice Turner,LOU,RB,49,210,4.3,30,1
Kurtis Rourke,OHIO,QB,58,209,3.6,25,3
Raheim Sanders,ARK,RB,62,209,3.4,19,2
Chevan Cordeiro,SJSU,QB,71,208,2.9,28,3
Javious Bond,ECU,RB,36,208,5.8,39,1
Preston Stone,SMU,QB,60,207,3.5,34,4
DJ Uiagalelei,ORST,QB,61,206,3.4,26,6
Hayden Reed,ARMY,RB,50,205,4.1,27,2
James Jointer Jr.,LIB,RB,39,204,5.2,34,1
Ashton Stredick,CAL,RB,42,200,4.8,41,2
Cardell Williams,TLSA,QB,57,200,3.5,50,5
Bennett Galloway,ULM,RB,28,200,7.1,41,0
K'Wan Powell,USF,RB,56,199,3.6,27,1
Davion Ervin-Poindexter,WKU,RB,52,199,3.8,18,1
Dylan Downing,PUR,RB,46,198,4.3,25,1
Jordan Johnson,HAW,RB,34,198,5.8,28,0
Gabe Ervin Jr.,NEB,RB,38,196,5.2,27,1
Edward Saydee,TEM,RB,60,194,3.2,21,0
Will Nixon,WASH,RB,29,193,6.7,21,1
Tate Carney,WAKE,RB,41,193,4.7,74,4
Jaziun Patterson,IOWA,RB,50,191,3.8,59,2
Camden Orth,BGSU,QB,60,190,3.2,18,5
Jeff Sims,NEB,QB,42,189,4.5,57,1
Chandler Rogers,UNT,QB,98,188,1.9,75,4
Ethan Payne,MRSH,RB,53,188,3.5,22,0
Tahj Gary,TLSA,RB,33,187,5.7,40,2
Zylan Perry,UL,RB,47,186,4.0,19,1
Cam Davis,SDSU,RB,44,185,4.2,25,0
Jaydon Blue,TEX,RB,36,185,5.1,34,1
AJ Bianco,NEV,QB,42,183,4.4,28,1
Blake Horvath,NAVY,QB,37,183,4.9,29,0
Tyrell Robinson,ARMY,RB,38,182,4.8,25,2
Jaden Nixon,OKST,RB,47,181,3.9,34,1
Rodney Hill,FSU,RB,47,181,3.9,19,1
Grant Wilson,ODU,QB,107,181,1.7,32,1
Devin Roche,ODU,RB,30,181,6.0,37,0
Dylan McDuffie,KU,RB,33,180,5.5,36,3
Kalel Mullings,MICH,RB,29,180,6.2,23,1
Kenyon Clay,USM,RB,40,179,4.5,28,1
Jacob Zeno,UAB,QB,87,177,2.0,44,4
Drew Allar,PSU,QB,66,177,2.7,21,4
Trey Sanders,TCU,RB,48,176,3.7,18,6
Jordan Travis,FSU,QB,73,176,2.4,20,7
Braylon Braxton,TLSA,QB,40,174,4.3,46,0
Henry Rutledge,CLT,RB,14,174,12.4,55,0
Aveon Smith,M-OH,QB,48,173,3.6,48,1
Cam Fancher,MRSH,QB,102,173,1.7,43,2
Anthony Tyus III,NU,RB,39,172,4.4,39,0
Ja'shon Benjamin,RUTG,RB,45,172,3.8,26,1
Tai Lavatai,NAVY,QB,56,171,3.1,20,2
CJ Ogbonna,BUFF,QB,45,171,3.8,11,3
Jason Bean,KU,QB,37,169,4.6,38,1
Jeremiah Cobb,AUB,RB,30,168,5.6,42,1
Durell Robinson,CLT,RB,40,166,4.2,16,1
Ramon Jefferson,UK,RB,20,165,8.3,74,0
Anthony Adkins,UCLA,RB,26,164,6.3,38,1
J.J. McCarthy,MICH,QB,47,164,3.5,22,3
Obie Sanni,ODU,RB,47,163,3.5,18,0
Treyaun Webb,FLA,RB,26,163,6.3,43,2
Ay'Jaun Marshall,ARMY,WR,15,162,10.8,36,1
Xavier Townsend,UCF,WR,13,162,12.5,39,0
Juwaun Price,SYR,RB,46,161,3.5,22,0
Devontae Houston,CONN,RB,34,161,4.7,27,0
Jakobi Buchanan,ARMY,RB,47,160,3.4,11,3
Brendan Sullivan,NU,QB,75,160,2.1,35,2
Jam Miller,ALA,RB,29,160,5.5,45,1
Eli Heidenreich,NAVY,RB,19,160,8.4,46,1
Sy'veon Wilkerson,COLO,RB,46,158,3.4,10,3
Miyan Williams,OSU,RB,49,158,3.2,12,3
Samuel Brown V,RUTG,RB,46,158,3.4,11,2
Lucky Sutton,SDSU,RB,30,157,5.2,62,2
Caziah Holmes,FSU,RB,21,156,7.4,40,2
Josh McCray,ILL,RB,43,156,3.6,14,2
Sherod White,UNM,RB,37,155,4.2,12,1
Brandon Chatman,NAVY,RB,41,153,3.7,20,0
Rayshon Luke,ARIZ,RB,32,152,4.8,40,1
Keegan Jones,UCLA,WR,13,151,11.6,38,2
Tony Mathis Jr.,HOU,RB,35,150,4.3,23,0
Justin Johnson Jr.,WVU,RB,38,150,3.9,30,1
Dylan Paine,WSU,RB,25,150,6.0,52,1
Tyler Shough,TTU,QB,48,149,3.1,58,2
Jadarian Price,ND,RB,30,149,5.0,23,2
Kaleb Jackson,LSU,RB,28,149,5.3,21,3
Tybo Rogers,WASH,RB,35,149,4.3,22,0
Keldric Moody,LT,RB,34,149,4.4,24,0
Noah Whittington,ORE,RB,20,146,7.3,41,2
Terry Wilkins,MTSU,RB,18,146,8.1,75,1
L.T. Sanders,WKU,RB,27,143,5.3,56,0
Elijah Collins,OKST,RB,30,142,4.7,26,2
Xavier Johnson,OSU,WR,21,142,6.8,27,0
Trayvon Rudolph,NIU,WR,19,142,7.5,36,1
Cade Klubnik,CLEM,QB,99,142,1.4,22,4
Shaadie Clayton-Johnson,TULN,RB,34,142,4.2,17,0
Cameron Ward,WSU,QB,109,141,1.3,22,8
Brett Gabbert,M-OH,QB,49,140,2.9,26,2
Aiden Calvert,AFA,RB,17,140,8.2,22,0
Mike Franklin,UTEP,RB,34,140,4.1,9,2
Demie Sumo-Karngbaye,UK,RB,20,139,6.9,42,1
Dylan Hopkins,UNM,QB,49,138,2.8,48,1
Noah Cain,LSU,RB,28,138,4.9,20,3
JuTahn McClain,UK,RB,26,138,5.3,36,1
Chubba Purdy,NEB,QB,17,138,8.1,55,1
Xavier Williams,KENT,RB,42,137,3.3,18,1
Jahmyl Jeter,TXST,RB,32,137,4.3,22,5
Jordan Brunson,M-OH,RB,12,137,11.4,57,1
Alex Flinn,ECU,QB,85,137,1.6,18,0
Justice Haynes,ALA,RB,21,137,6.5,33,2
Caleb Williams,USC,QB,97,136,1.4,46,11
Vaughn Pemberton,BALL,RB,22,136,6.2,45,1
Daniel Carter,PITT,RB,28,134,4.8,22,2
Tahj Bullock,AKR,QB,56,134,2.4,27,3
Arnold Barnes III,TULN,RB,22,133,6.0,65,0
Quincy Patterson,TEM,QB,41,132,3.2,24,4
Brashard Smith,MIA,WR,9,132,14.7,80,1
Djouvensky Schlenbaker,WSU,RB,31,132,4.3,20,0
Jovantae Barnes,OU,RB,34,130,3.8,17,1
Cash Jones,UGA,RB,17,129,7.6,57,1
Jaylen Anderson,WVU,RB,41,129,3.1,15,1
Drake Anderson,AKR,RB,38,128,3.4,15,1
Joshua Fleeks,NEB,WR,15,128,8.5,74,1
Bo Nix,ORE,QB,41,128,3.1,16,5
Mitch Griffis,WAKE,QB,106,128,1.2,27,2
Kobe Johnson,CSU,RB,44,128,2.9,13,1
Dillon Bell,UGA,WR,24,128,5.3,21,2
Nicco Marchiol,WVU,QB,35,127,3.6,22,1
Roderick Robinson II,UGA,RB,17,126,7.4,36,2
Keyon Mozee,M-OH,RB,29,125,4.3,23,2
Cedric Hawkins,ARST,RB,23,125,5.4,28,2
Eli Stowers,NMSU,QB,28,124,4.4,26,2
Quinten Joyner,USC,RB,16,124,7.8,47,1
Bryce Williams,MINN,RB,36,123,3.4,8,1
Kelley Joiner,USF,RB,35,123,3.5,11,1
Michael Johnson Jr.,FAU,QB,21,123,5.9,27,6
Dorian Lewis,UNM,RB,24,123,5.1,23,0
Jamari Ferrell,WYO,RB,33,123,3.7,17,1
Cooper Legas,USU,QB,68,122,1.8,24,0
Jaylen Coleman,DUKE,RB,26,122,4.7,15,0
Isaiah Augustave,ARK,RB,20,122,6.1,25,0
John Emery Jr.,LSU,RB,23,121,5.3,17,1
Jayden de Laura,ARIZ,QB,21,121,5.8,53,3
Maddux Madsen,BOIS,QB,33,120,3.6,27,2
Jamaal Bell,NEV,WR,31,119,3.8,31,1
Tyson Riley,ARMY,RB,15,119,7.9,43,1
Makhilyn Young,NMSU,RB,17,119,7.0,31,2
Jake Retzlaff,BYU,QB,40,119,3.0,19,1
Hudson Card,PUR,QB,81,118,1.5,21,4
Joseph Himon II,NU,RB,29,118,4.1,32,0
CJ Campbell Jr.,FSU,RB,7,117,16.7,70,1
Domonique Thomas,CLEM,RB,18,116,6.4,19,1
Dakereon Joyner,SC,RB,49,115,2.3,16,5
Willie Shaw III,TOL,RB,28,115,4.1,14,0
Adrian Murdaugh,SHSU,WR,23,114,5.0,48,2
Sedrick Irvin,STAN,RB,26,113,4.3,45,1
Trey Potts,PSU,RB,21,112,5.3,20,2
Dominique Johnson,ARK,RB,26,112,4.3,31,1
Dallan Hayden,OSU,RB,19,110,5.8,19,1
Trey Holly,LSU,RB,10,110,11.0,67,1
Jaivian Thomas,CAL,RB,18,110,6.1,27,1
Gi'Bran Payne,ND,RB,33,109,3.3,12,1
Jayden Limar,ORE,RB,21,108,5.1,21,1
Andrew Paul,UGA,RB,26,108,4.2,13,1
Parker Navarro,OHIO,QB,10,107,10.7,52,0
CJ Hester,WMU,RB,27,107,4.0,29,2
Austin Reed,WKU,QB,41,106,2.6,26,4
A.J. Henning,NU,WR,24,106,4.4,17,1
Noah Smith,SHSU,WR,27,106,3.9,25,2
D.Q. James,WYO,RB,35,106,3.0,15,0
Damarius Good,TXST,RB,11,105,9.5,24,0
Carlos Del Rio-Wilson,SYR,QB,21,105,5.0,27,1
Austin Smith,EMU,QB,95,105,1.1,41,1
Jaison Patterson,BGSU,RB,31,105,3.4,20,1
Leo Pulalasi,WSU,RB,18,105,5.8,16,0
Jacob Fields,LT,DB,26,105,4.0,30,2
Velton Gardner,SMU,RB,27,104,3.9,23,1
Carson Beck,UGA,QB,47,104,2.2,15,3
Jayden McGowan,VAN,WR,16,104,6.5,18,0
Timmy McClain,UCF,QB,41,103,2.5,22,1
Ike Daniels,SYR,RB,18,103,5.7,22,0
Martin Blake,SDSU,RB,28,103,3.7,12,1
Ashton Hayes,NEV,RB,30,102,3.4,35,0
Walter Taylor,VAN,QB,30,102,3.4,18,1
Gerald Green,ECU,RB,25,101,4.0,46,2
TJ Finley,TXST,QB,65,101,1.6,24,5
Latrele Palmer,JMU,RB,29,99,3.4,13,1
Barion Brown,UK,WR,8,99,12.4,26,0
Shedro Louis,TULN,RB,31,98,3.2,16,0
Calvin Hill,TXST,RB,31,98,3.2,13,0
Ja'Vin Simpkins,CCU,RB,13,98,7.5,22,1
Aaron Turner,CIN,WR,11,97,8.8,26,0
Jordan Houston,NCSU,RB,25,96,3.8,15,0
Jordan Younge-Humphrey,UNLV,RB,12,96,8.0,32,1
Rico Barfield,BALL,RB,25,96,3.8,24,1
Justin Lynch,NIU,RB,11,96,8.7,30,1
David Bailey,TA&M,RB,18,95,5.3,19,1
Sean Jackson,AUB,RB,6,95,15.8,45,1
Joachim Bangda,CLT,RB,24,94,3.9,31,3
Jaylen Henderson,TA&M,QB,25,94,3.8,22,2
AJ Newberry,VAN,RB,19,94,4.9,29,0
Jalen Berger,MSU,RB,25,93,3.7,12,1
Anthony Simpson,MASS,WR,11,93,8.5,17,1
Zane Minors,SMU,RB,19,93,4.9,14,0
Zach Hrbacek,SHSU,RB,37,93,2.5,10,0
Tylan Hines,HAW,RB,27,93,3.4,18,0
Kamari Moulton,IOWA,RB,23,93,4.0,18,2
Cade Yacamelli,WIS,RB,20,91,4.6,13,0
Kyson Brown,ASU,RB,21,91,4.3,15,0
Cole Snyder,BUFF,QB,66,90,1.4,22,1
Aaron Young,RUTG,RB,14,90,6.4,16,1
Dante Dowdell,ORE,RB,17,90,5.3,13,1
Rocky Lombardi,NIU,QB,60,89,1.5,33,4
Jalil Farooq,OU,WR,16,89,5.6,22,0
Tyler Lavine,SMU,RB,25,89,3.6,13,4
Nasjzae Bryant-Lelei,HAW,RB,26,89,3.4,17,0
John Mateer,WSU,QB,19,89,4.7,15,3
Tommy Ulatowski,KENT,QB,47,89,1.9,39,1
Spencer Rattler,SC,QB,90,88,1.0,28,4
Harrison Barker,UAB,QB,15,87,5.8,12,0
Rodney Gallagher,WVU,WR,15,87,5.8,15,0
Silas Bolden,ORST,WR,8,86,10.8,45,2
Ty Simpson,ALA,QB,14,86,6.1,78,2
Brandon Thomas,MEM,RB,30,86,2.9,9,8
David Cordero,HAW,RB,27,86,3.2,19,0
Chase Jenkins,RICE,QB,11,86,7.8,28,1
DJ Riles,MTSU,QB,16,85,5.3,16,0
Ryan Browne,PUR,QB,21,85,4.0,12,0
Jekail Middlebrook,MTSU,RB,18,85,4.7,25,2
Ari Broussard,RICE,RB,28,84,3.0,16,0
Ta'Quan Roberson,CONN,QB,40,84,2.1,24,2
Ethan Garbers,UCLA,QB,31,84,2.7,18,0
Isaac Jernagin,SJSU,WR,11,84,7.6,45,0
Colson Yankoff,UCLA,RB,13,83,6.4,25,1
Fernando Mendoza,CAL,QB,36,83,2.3,16,2
Markel Johnson,ARMY,RB,22,83,3.8,19,0
Athan Kaliakmanis,MINN,QB,69,82,1.2,19,2
Braylon McReynolds,USA,RB,14,82,5.9,35,0
Asa Martin,TROY,RB,20,81,4.1,16,0
Darwin Barlow,USC,RB,8,81,10.1,43,1
Kevin Davis,M-OH,RB,21,81,3.9,12,1
Brady Lichtenberg,CIN,QB,12,80,6.7,17,1
Larry Robinson,ARMY,QB,6,80,13.3,23,1
Matt Jones,MISS,RB,12,79,6.6,36,2
Aidan Chiles,ORST,QB,17,79,4.6,23,3
Brandon Buckhaulter,UAB,WR,7,78,11.1,35,0
Isaiah Newell,ORST,RB,22,78,3.5,11,0
Charlie Norman,ULM,RB,18,78,4.3,17,0
Miles Davis,BYU,RB,16,78,4.9,13,0
Jacques Badolato-Birdsell,NEV,RB,33,78,2.4,15,1
Jackson Arnold,OU,QB,20,78,3.9,15,1
Jalen Mitchell,CONN,RB,21,77,3.7,23,0
Sam Hartman,ND,QB,41,76,1.9,38,3
Vaughn Blue,LIB,RB,12,76,6.3,21,0
Cole Ballard,KU,QB,20,75,3.8,27,0
Lideatrick Griffin,MSST,WR,17,74,4.4,17,1
Jalon Daniels,KU,QB,27,74,2.7,17,0
Ben Wooldridge,UL,QB,17,73,4.3,24,2
Chris Johnson Jr.,MIA,RB,11,73,6.6,24,1
Terrence Williams,UL,RB,23,72,3.1,11,1
Kenny Johnson,PITT,WR,10,72,7.2,14,0
Tank Smith,PSU,RB,9,71,7.9,39,0
Charlie Spegal,BALL,RB,15,71,4.7,14,1
Jack Lausch,NU,QB,16,71,4.4,46,1
Peyton Jones,DUKE,RB,20,71,3.5,15,1
Luke McCaffrey,RICE,WR,11,70,6.4,40,0
Stone Earle,UNT,QB,16,70,4.4,34,0
Zachariah Branch,USC,WR,8,70,8.8,21,1
Cade Harris,AFA,WR,9,70,7.8,29,2
Bryce Duke,VT,RB,11,69,6.3,31,0
Benjamin Hall,MICH,RB,15,69,4.6,19,0
Nate Milanowski,M-OH,RB,11,69,6.3,23,1
Braxton Woodson,NAVY,QB,35,69,2.0,22,0
Trenton Bourguet,ASU,QB,26,68,2.6,17,2
Hunter Herring,ULM,QB,13,68,5.2,18,0
Jacolby Criswell,ARK,QB,8,67,8.4,60,0
Jarris Williams,TROY,RB,13,67,5.2,25,1
Kamarro Edmonds,ECU,RB,14,67,4.8,17,2
Rocco Becht,ISU,QB,54,67,1.2,14,3
Sam Leavitt,MSU,QB,13,67,5.2,22,0
Tony Muskett,UVA,QB,61,66,1.1,20,1
Gio Lopez,USA,QB,11,66,6.0,20,1
Rahmir Johnson,NEB,RB,12,65,5.4,44,0
Jaren Mangham,MSU,RB,26,65,2.5,8,0
Ahmani Marshall,APP,RB,20,65,3.3,11,2
Treyson Bourguet,WMU,QB,36,65,1.8,29,0
Marlon Gunn Jr.,ECU,RB,24,65,2.7,13,0
Ethan Crawford,USM,QB,24,65,2.7,16,1
Keyjuan Brown,LOU,RB,11,65,5.9,14,1
Deion Smith,BYU,RB,23,64,2.8,18,1
Nehemiah Martinez I,TTU,WR,12,64,5.3,11,0
Solo Vaipulu,HAW,OL,12,63,5.3,14,0
Grant Wells,VT,QB,15,63,4.2,60,1
Conner Weigman,TA&M,QB,12,63,5.3,19,2
Juju McDowell,SC,RB,26,63,2.4,17,2
Keshawn King,WMU,RB,14,62,4.4,17,1
Ricky Pearsall,FLA,WR,3,62,20.7,39,2
Demarkcus Bowman,UCF,RB,10,62,6.2,12,1
Bryce Farrell,STAN,WR,21,62,3.0,12,3
Zuberi Mobley,FAU,RB,22,62,2.8,11,0
Chase Gillespie,VAN,RB,22,62,2.8,10,0
Jaylen Jenkins,WSU,RB,20,62,3.1,17,0
PaSean Wimberly,BGSU,RB,19,61,3.2,12,0
Semaj Morgan,MICH,WR,3,61,20.3,44,2
Jake Strong,TTU,QB,6,61,10.2,54,0
Jack Turner,LT,QB,29,61,2.1,12,2
Phil Jurkovec,PITT,QB,39,60,1.5,23,1
Keyvone Lee,MSST,RB,9,60,6.7,33,0
J'Wan Evans,JVST,RB,21,60,2.9,12,4
Reggion Bennett,JVST,RB,27,60,2.2,13,0
Creed Whittemore,MSST,WR,4,60,15.0,53,1
Keith Adams Jr.,CLEM,RB,11,60,5.5,14,0
Alton McCaskill,COLO,RB,14,59,4.2,9,0
Aidan Laughery,ILL,RB,13,59,4.5,19,1
Sam Jackson V,CAL,QB,26,59,2.3,27,1
Gage Larvadain,M-OH,WR,5,59,11.8,46,0
Xayvion Turner-Bradshaw,VT,WR,3,59,19.7,47,1
EJ Wilson Jr.,TEM,RB,13,58,4.5,20,0
Miles Stewart,ARMY,RB,15,58,3.9,10,0
Conner Harrell,UNC,QB,4,57,14.3,61,1
Jarrett Guest,CCU,QB,11,56,5.1,33,1
Nick Mosley,BGSU,RB,8,56,7.0,23,0
Jordan McDonald,UCF,RB,18,56,3.1,10,3
Carson Hansen,ISU,RB,19,56,2.9,12,0
Ryan Butler,STAN,RB,17,56,3.3,17,0
Larenzo McMillan,NMSU,RB,4,55,13.8,30,0
CJ Harris,OHIO,QB,12,55,4.6,23,0
Anderson Castle,APP,RB,19,54,2.8,9,1
Ahmad Haston,MASS,QB,16,54,3.4,7,0
Eugene Wilson III,FLA,WR,5,54,10.8,18,0
Benjamin Yurosek,STAN,TE,11,53,4.8,10,0
Jamal Johnson,BGSU,RB,9,53,5.9,32,0
Noah Kim,MSU,QB,27,53,2.0,14,0
Jack Shields,ODU,QB,22,53,2.4,66,1
Cam Cook,TCU,RB,15,53,3.5,16,0
Ezell Jolly,UTEP,RB,15,53,3.5,14,0
Lee Witherspoon,UAB,RB,16,52,3.3,17,0
Logan Fife,FRES,QB,28,52,1.9,16,1
Samuel Singleton Jr.,FSU,RB,6,52,8.7,24,0
Brock Lampe,NIU,FB,13,52,4.0,11,1
Jha'Quan Jackson,TULN,WR,5,51,10.2,24,0
Elijhah Badger,ASU,WR,11,51,4.6,17,1
Cameron Seldon,TENN,RB,12,51,4.3,11,0
LaNorris Sellers,SC,QB,5,51,10.2,36,1
Elijah Davis,UL,RB,13,51,3.9,11,1
Seth Anderson,IOWA,WR,3,50,16.7,30,0
Keyvon Walker,FAU,RB,11,50,4.5,20,0
Kaedric Cobbs,UTSA,RB,12,49,4.1,14,0
Evan Pryor,OSU,RB,19,49,2.6,6,0
Keilan Robinson,TEX,RB,7,49,7.0,23,0
Jalin Conyers,ASU,TE,14,49,3.5,12,0
Grayson McCall,CCU,QB,53,48,0.9,12,1
Charlie Vincent,UTAH,RB,9,48,5.3,22,1
Ty Thompson,ORE,QB,8,48,6.0,13,0
David Mbadinga,GASO,RB,16,48,3.0,12,1
Hank Bachmeier,LT,QB,58,47,0.8,18,2
Thad Franklin Jr.,ULM,RB,12,47,3.9,23,1
Kevin Hurley,UTEP,QB,18,47,2.6,18,2
Evan Dickens,GT,RB,11,47,4.3,19,0
Sam Hicks,CMU,RB,11,47,4.3,16,1
Jack Salopek,WMU,QB,17,46,2.7,14,0
Ahmari Huggins-Bruce,LOU,WR,5,46,9.2,19,1
Brandon Campbell,HOU,RB,18,46,2.6,11,0
Spencer Sanders,MISS,QB,11,45,4.1,15,0
Micah Bernard,UTAH,RB,7,45,6.4,13,0
Cooper Jones,USU,RB,14,45,3.2,15,1
KZ Adams,GAST,RB,24,45,1.9,6,0
Bryson Washington,BAY,RB,10,45,4.5,11,0
Justin Williams-Thomas,CAL,RB,10,45,4.5,23,0
Savion Williams,TCU,WR,8,44,5.5,14,0
JC French,GASO,QB,12,44,3.7,18,0
Devon Rivers,FRES,RB,12,44,3.7,14,0
Jaylen Poe,NIU,RB,6,44,7.3,21,0
Caleb Hood,UNC,RB,15,43,2.9,13,1
Jaylin Lane,VT,WR,10,43,4.3,11,0
Ke'Travion Hargrove,MEM,RB,11,43,3.9,17,1
LaJohntay Wester,FAU,WR,7,43,6.1,21,1
Dalen Cobb,GASO,WR,5,43,8.6,15,0
David Amador,UTSA,WR,2,43,21.5,23,0
Travis Bates,DUKE,RB,5,42,8.4,32,0
Daylan Smothers,OU,RB,11,42,3.8,16,0
Max Brown,FLA,QB,8,42,5.3,27,0
Anthony Frias II,KSU,RB,13,42,3.2,8,0
Jack Plummer,LOU,QB,67,41,0.6,20,1
Doug Brumfield,UNLV,QB,19,41,2.2,19,1
Jay Ducker,MEM,RB,8,41,5.1,22,0
Sevion Morrison,KU,RB,8,41,5.1,9,1
Simeon Price,MSST,RB,5,41,8.2,16,0
Tristen Rigby,CLEM,RB,2,41,20.5,35,0
Geordon Porter,CONN,WR,5,40,8.0,34,0
Taisun Phommachanh,MASS,QB,43,40,0.9,31,2
Cornelius Johnson,MICH,WR,2,40,20.0,26,0
Ryan O'Keefe,BC,WR,5,40,8.0,14,1
Kaden Dudley,BOIS,RB,8,40,5.0,18,0
Savion Red,TEX,RB,16,40,2.5,8,1
William Watson III,VT,QB,5,40,8.0,14,0
Amare Thomas,UAB,WR,4,40,10.0,33,0
Brian Snead,ARST,RB,16,39,2.4,8,0
Jam Griffin,MISS,RB,7,39,5.6,14,0
Sammy Malignaggi,JMU,RB,7,39,5.6,15,0
Brock Vandagriff,UGA,QB,5,39,7.8,18,0
Leroy Thomas,WMU,WR,7,39,5.6,18,0
Gunnar Gundy,OKST,QB,14,39,2.8,21,0
McCae Hillstead,USU,QB,41,39,1.0,18,0
Curtis Douglas,KENT,RB,8,39,4.9,12,0
B.J. Harris,CMU,RB,18,38,2.1,9,0
Alex Orji,MICH,QB,7,38,5.4,16,1
Kaden Moorman,LOU,RB,5,38,7.6,25,0
D.J. Oliver,WVU,RB,10,38,3.8,6,1
Trace Campbell,UAB,QB,6,38,6.3,14,0
Sean Atkins,USF,WR,4,37,9.3,20,0
Tyler Crowe,BOIS,RB,10,37,3.7,8,0
Yulkeith Brown,TULN,WR,3,37,12.3,15,2
Andre Hines,BC,RB,6,37,6.2,12,0
Germie Bernard,WASH,WR,10,37,3.7,15,2
Brock Glenn,FSU,QB,6,37,6.2,34,1
Dalen Morris,HAW,QB,15,36,2.4,15,2
Kaden Prather,MD,WR,1,36,36.0,36,0
Sawyer Robertson,BAY,QB,20,36,1.8,31,1
Isaiah Williams,ILL,WR,11,36,3.3,5,0
Jack Tuttle,MICH,QB,4,35,8.8,18,0
Xavier Worthy,TEX,WR,4,35,8.8,16,0
Devin Brown,OSU,QB,19,35,1.8,8,1
Tobias Weaver,SHSU,RB,17,35,2.1,8,0
Christian Nash,NIU,RB,8,35,4.4,16,0
Daelen Alexander,RICE,RB,18,35,1.9,9,5
Jay Haynes,CLEM,RB,6,35,5.8,17,1
Ui Ale,HOU,QB,6,35,5.8,11,0
Tyler Walton,OHIO,WR,5,34,6.8,15,0
Cross Patton,NEV,RB,13,34,2.6,8,0
Ikaika Ragsdale,UNT,RB,9,34,3.8,17,0
Mike Sharpe II,ARST,RB,9,34,3.8,13,0
Terrell Washington Jr.,IOWA,RB,7,34,4.9,9,0
Harold Fannin Jr.,BGSU,TE,11,34,3.1,15,0
Keyone Jenkins,FIU,QB,108,34,0.3,23,6
Jake Reichle,ORST,RB,4,34,8.5,15,0
Dorian Smith,USA,RB,2,34,17.0,29,1
Phillip Brooks,KSU,WR,7,33,4.7,10,1
Levi Williams,USU,QB,11,33,3.0,11,0
Arian Smith,UGA,WR,1,33,33.0,33,0
Mac Dalena,FRES,WR,1,33,33.0,33,0
Leon Franklin,MICH,RB,11,33,3.0,9,1
Billy Edwards Jr.,MD,QB,11,33,3.0,9,4
Justin Jones,AUB,RB,4,33,8.3,12,0
Jordan Nabors,BAY,WR,9,33,3.7,8,0
Patrick Wilk,TENN,RB,2,33,16.5,17,0
Antonio Patterson,FIU,RB,14,33,2.4,11,1
Jahbari Kuykendall,CCU,RB,3,33,11.0,34,0
Joseph Fagnano,CONN,QB,16,32,2.0,13,0
Jake McNamara,UTEP,QB,8,32,4.0,11,1
J.J. Kohl,ISU,QB,6,32,5.3,9,0
Jakarius Caston,USM,WR,4,32,8.0,11,1
Sevaughn Clark,UGA,RB,6,31,5.2,16,1
Ja'Lynn Polk,WASH,WR,3,31,10.3,27,1
Brennan Presley,OKST,WR,10,31,3.1,8,2
Freddie Brock,GAST,RB,6,31,5.2,12,0
Jalen John,MASS,RB,10,31,3.1,7,0
Junior Vandeross III,TOL,WR,2,31,15.5,29,0
Demetrius Battle,UAB,RB,8,31,3.9,7,1
Damian Henderson II,CSU,RB,7,31,4.4,11,0
Ashton Frye,JVST,QB,10,31,3.1,11,0
Jordan Lovett,TROY,RB,7,31,4.4,6,0
Dom Shoffner,CLT,QB,7,30,4.3,19,0
Thomas Pannunzio,CMU,WR,3,30,10.0,19,0
Alan Bowman,OKST,QB,21,30,1.4,13,2
Jabari Bates,SJSU,RB,11,30,2.7,7,0
Braylen Walker,RICE,WR,3,30,10.0,20,0
Mario Escobar,SYR,RB,4,30,7.5,15,0
Justin Holmes,KENT,TE,1,30,30.0,30,0
Connor Walendzak,TOL,RB,17,30,1.8,7,2
Victor Snow,BUFF,WR,5,30,6.0,16,0
Richard Newton,WASH,RB,4,29,7.3,17,0
Evan Conley,LOU,QB,5,29,5.8,19,1
Blake Shapen,BAY,QB,67,29,0.4,27,4
Omarion Dollison,JMU,WR,2,29,14.5,26,0
Jadon Jackson,KSU,WR,3,29,9.7,14,0
Ke'Shawn Williams,WAKE,WR,3,29,9.7,20,1
Trevin Luben,NEB,RB,3,29,9.7,18,0
Katin Houser,MSU,QB,41,29,0.7,15,2
Jaxon Dailey,ARST,QB,11,29,2.6,22,0
Nico Iamaleava,TENN,QB,3,29,9.7,25,0
Alonza Barnett III,JMU,QB,5,29,5.8,9,1
Chris Curry,UTAH,RB,8,28,3.5,9,0
Antavious Willis,USM,RB,6,28,4.7,12,0
Mike Drennen II,TOL,RB,7,28,4.0,8,1
Brock Bowers,UGA,TE,6,28,4.7,14,1
Al-Shadee Salaam,RUTG,RB,6,28,4.7,18,1
Henry Belin IV,DUKE,QB,8,28,3.5,26,1
Kaleb Brown,IOWA,WR,4,28,7.0,13,0
Quinn Ewers,TEX,QB,44,28,0.6,30,5
Isaiah Sategna,ARK,WR,1,28,28.0,28,0
AJ Swann,VAN,QB,25,28,1.1,25,1
PJ Martin,USA,RB,9,28,3.1,14,0
Malik Caper,LIB,RB,7,27,3.9,9,0
Chamon Metayer,CIN,TE,1,27,27.0,27,0
Corey Wren,TCU,RB,9,27,3.0,9,0
Roderick Daniels Jr.,SMU,WR,12,27,2.3,8,0
Billy Wiles,USM,QB,57,27,0.5,16,1
Max Johnson,TA&M,QB,51,27,0.5,32,2
Amin Hassan,NAVY,RB,11,27,2.5,11,0
Junior Sherrill,VAN,WR,3,27,9.0,20,0
Jack Griese,UVA,RB,9,27,3.0,9,1
Evan Svoboda,WYO,QB,16,27,1.7,18,1
Marvin Harrison Jr.,OSU,WR,2,26,13.0,19,1
T.J. Jones,UAB,WR,3,26,8.7,15,0
Jacob Cowing,ARIZ,WR,5,26,5.2,9,0
Chandler Pittman,USM,RB,9,26,2.9,11,0
Keagan Johnson,KSU,WR,6,26,4.3,13,0
Major Everhart,TCU,WR,7,26,3.7,12,0
Alex Smith,GASO,P,2,25,12.5,18,0
Lawrence Keys III,TULN,WR,4,25,6.3,12,0
Dalvin Smith,WKU,WR,1,25,25.0,25,0
Dayton Wade,MISS,WR,7,25,3.6,9,0
Logan Kyle,VAN,TE,2,25,12.5,13,0
Devin Boddie Jr.,WYO,WR,3,25,8.3,26,0
Emeka Egbuka,OSU,WR,5,25,5.0,9,0
Victor Venn,LIB,RB,5,25,5.0,12,0
Quinton Jackson,RICE,RB,7,25,3.6,11,0
Malcolm Gillie,BALL,WR,4,25,6.3,11,0
Perry Carter,JVST,WR,4,24,6.0,10,0
Jordan Branch,MTSU,DL,1,24,24.0,24,0
Jaelen Gill,FRES,WR,10,24,2.4,6,0
Dontae McMillan,EMU,RB,6,24,4.0,18,1
Nate Yarnell,PITT,QB,5,24,4.8,8,1
Ron Tiavaasue,NMSU,TE,2,24,12.0,23,1
Jonathan Brady,NMSU,WR,7,24,3.4,10,1
Richard Young,ALA,RB,9,24,2.7,11,1
Fraser Masin,MISS,P,1,24,24.0,24,0
Colton Boomer,UCF,PK,1,24,24.0,24,0
Tiaquelin Mims,USM,DB,4,24,6.0,26,0
Earl Woods III,JVST,QB,4,24,6.0,17,0
Djay Braswell,SC,RB,11,24,2.2,9,0
Sterling Galban,JVST,WR,6,23,3.8,10,0
Tyler Brown,CLEM,WR,1,23,23.0,23,0
Sam Adams II,WASH,RB,10,23,2.3,11,1
Daniyel Ngata,WASH,RB,7,23,3.3,9,1
Khaleb Hood,GASO,WR,3,23,7.7,16,0
Terrance Gibbs,GASO,RB,9,23,2.6,9,0
Bugs Mortimer,ULM,WR,3,23,7.7,23,0
Kendrell Williams,UL,RB,3,23,7.7,12,0
Devontez Walker,UNC,WR,3,23,7.7,20,0
Kam Ingram,UCF,RB,4,23,5.8,12,0
Wayne Knight,JMU,RB,4,23,5.8,22,0
Dedrick Latulas,LT,WR,3,23,7.7,14,0
Kevin Jennings,SMU,QB,10,23,2.3,10,1
David Egbe,WAKE,RB,9,23,2.6,6,0
Lucian Anderson III,BGSU,QB,7,23,3.3,9,1
Nate Johnson,BC,WR,4,23,5.8,18,0
Anthony Gould,ORST,WR,4,22,5.5,11,0
Money Parks,UTAH,WR,5,22,4.4,15,0
Jelani Stafford,CONN,DL,14,22,1.6,4,6
Trent Battle,TCU,RB,9,22,2.4,10,0
Chance Black,VT,RB,6,22,3.7,8,0
Dante Jackson,AKR,PK,1,22,22.0,22,0
K.D. Hutchinson,WKU,WR,3,22,7.3,23,1
Quintell Quinn,OHIO,RB,5,22,4.4,8,0
Che Nwabuko,PITT,WR,3,22,7.3,24,0
Chrishon McCray,KENT,WR,4,22,5.5,11,0
RJ Martinez,BAY,QB,3,22,7.3,9,0
Jordan Faison,ND,WR,2,22,11.0,16,0
Caleb McMillan,MRSH,WR,1,21,21.0,21,1
Ainias Smith,TA&M,WR,5,21,4.2,11,0
Melquan Stovall,ASU,WR,3,21,7.0,15,1
Jalen McMillan,WASH,WR,2,21,10.5,19,1
Jack Dawson,JVST,P,2,21,10.5,12,0
Taulia Tagovailoa,MD,QB,66,21,0.3,23,4
Grayson James,FIU,QB,21,21,1.0,18,1
Tavierre Dunlap,MICH,RB,5,21,4.2,7,0
Amaad Foston,UVA,RB,4,21,5.3,8,0
Garret Rangel,OKST,QB,6,21,3.5,10,0
Zach Vigil,UNM,RB,7,21,3.0,8,0
Landon Sides,UNT,WR,3,21,7.0,8,0
Jeremy Hollingsworth,WYO,RB,3,20,6.7,10,0
Keyon Lesane,NCSU,WR,3,20,6.7,8,0
Torry Locklin,KU,RB,5,20,4.0,10,0
Lincoln Victor,WSU,WR,2,20,10.0,15,1
Jimmy Calloway,LOU,WR,3,20,6.7,7,0
Ken Seals,VAN,QB,37,20,0.5,34,1
Tyler Buchner,ALA,QB,3,20,6.7,9,1
Mark-Antony Richards,UCF,RB,6,20,3.3,7,1
Kaylon Horton,UNT,WR,4,20,5.0,11,0
Marquis Crosby,LT,RB,1,20,20.0,20,0
Jet Harris,AFA,RB,5,20,4.0,8,1
Grayson Loftis,DUKE,QB,16,20,1.3,8,1
Montravius Lloyd,PITT,RB,5,20,4.0,5,0
Jarvis Durr,USA,RB,3,20,6.7,13,0
Kaden Wetjen,IOWA,WR,4,20,5.0,14,0
Emari White,UTEP,WR,2,20,10.0,17,0
Sesi Vailahi,OKST,RB,4,20,5.0,8,0
Mikele Colasurdo,GAST,QB,4,19,4.8,17,1
Jordan Jenkins,BAY,RB,2,19,9.5,16,0
Miller Moss,USC,QB,2,19,9.5,15,2
Ethan Wright,CIN,RB,7,19,2.7,9,0
Todd Justice,USA,TE,1,19,19.0,19,0
Brian Brewton,CONN,RB,3,19,6.3,8,0
Justyn Martin,UCLA,QB,3,19,6.3,15,0
Tevin White,ASU,RB,10,19,1.9,7,0
Braylin Presley,TLSA,RB,6,19,3.2,10,0
Carlos Davis,MASS,QB,20,19,0.9,18,0
Rickie Collins,LSU,QB,3,19,6.3,13,0
Anton Hall Jr.,NAVY,RB,6,19,3.2,6,2
Jamal Hailey,WMU,RB,6,19,3.2,7,0
Jalen Bracey,FIU,WR,4,19,4.8,7,0
Rickey Hunt,OHIO,RB,6,19,3.2,10,0
DeAngelo Irvin Jr.,UNLV,WR,1,19,19.0,19,0
Casey Rogers,ORE,DL,1,18,18.0,18,0
Gary Bryant Jr.,ORE,WR,3,18,6.0,15,0
Hayden Wolff,WMU,QB,34,18,0.5,20,2
Wyatt Wieland,WYO,WR,6,18,3.0,11,1
David Holloman,IU,RB,6,18,3.0,7,0
Johnathan Arceneaux,FRES,RB,8,18,2.3,9,0
Cole Nelson,VT,DL,1,18,18.0,18,0
Cole Harrity,BUFF,WR,4,18,4.5,6,0
Elliott Nimrod,USU,PK,1,18,18.0,18,1
Daniel Wood,UTAH,RB,5,18,3.6,10,0
Jimmy Horn Jr.,COLO,WR,2,18,9.0,17,0
Te'Sean Smoot,JVST,QB,4,18,4.5,5,0
Vinny Anthony II,WIS,WR,1,18,18.0,18,0
Easton Messer,WKU,WR,1,18,18.0,18,0
KJ Edwards,CSU,RB,2,18,9.0,12,0
Ben Kiernan,UNC,P,1,17,17.0,17,0
Chris Mayo,EMU,OL,0,17,0.0,17,0
Matthew Shipley,HAW,PK,1,17,17.0,17,0
Davion Primm,MSU,RB,4,17,4.3,8,0
Gunner Stockton,UGA,QB,4,17,4.3,14,0
Deuce Spann,FSU,WR,3,17,5.7,15,0
Monaray Baldwin,BAY,WR,3,17,5.7,12,0
Blake Murphy,ULM,QB,19,17,0.9,15,0
Hunter Barnes,TENN,RB,4,17,4.3,7,0
Micah Barnett,RICE,FB,6,17,2.8,6,0
Lamar Sperling,BUFF,RB,4,17,4.3,8,0
Jackson Kleather,BGSU,PK,1,17,17.0,17,0
Landan Brown,SHSU,RB,9,17,1.9,6,0
John Adams,TEM,WR,1,16,16.0,16,0
Jarrad Baker,UCF,WR,4,16,4.0,10,0
Jordan Whittington,TEX,WR,2,16,8.0,20,0
Jabre Barber,TROY,WR,3,16,5.3,8,0
Deion Burks,PUR,WR,2,16,8.0,10,0
Raleek Brown,USC,WR,3,16,5.3,14,1
Hunter Helms,CLEM,QB,1,16,16.0,16,0
Marcel Reed,TA&M,QB,3,16,5.3,13,0
Gavin Freeman,OU,WR,3,16,5.3,10,0
Keldric Luster,SMU,QB,2,16,8.0,10,0
Quran Boyd,DUKE,WR,6,16,2.7,9,0
Duane Thomas Jr.,CLT,WR,4,16,4.0,8,0
Je'Quan Burton,FAU,WR,1,15,15.0,15,0
Xavier Weaver,COLO,WR,2,15,7.5,14,2
Demeer Blankumsee,MEM,WR,2,15,7.5,10,0
Navy Shuler,TENN,QB,2,15,7.5,15,0
Jack Coulson,KENT,WR,1,15,15.0,15,0
Odieu Hiliare,BGSU,WR,0,15,0.0,15,0
Alante Brown,MSU,WR,8,15,1.9,10,0
Xavier Coleman,BC,RB,6,15,2.5,4,1
PJ Johnson III,NMSU,WR,1,15,15.0,15,0
MJ Morris,NCSU,QB,32,15,0.5,16,0
Jalen Montgomery,MTSU,RB,5,15,3.0,7,0
Trapper Pannell,SHSU,QB,12,15,1.3,10,3
Bryson Donnell,TTU,RB,4,15,3.8,12,0
Ahmarian Granger,ODU,WR,1,15,15.0,15,0
Carlson Joseph,FLA,RB,3,15,5.0,7,0
Tiger Bachmeier,STAN,WR,1,15,15.0,15,0
Devyn Ford,ND,RB,4,14,3.5,5,0
Jordon Simmons,MSU,RB,7,14,2.0,4,0
Rome Odunze,WASH,WR,1,14,14.0,14,1
Iverson Celestine,TULN,RB,3,14,4.7,11,0
Colton Spangler,MD,P,1,14,14.0,14,0
Kacper Rutkiewicz,NIU,WR,2,14,7.0,9,0
Skip Velotta,ND,RB,2,14,7.0,9,0
Josh Atkins,HAW,OL,0,14,0.0,14,0
Eddie Battle,FLA,RB,6,14,2.3,7,0
Cam'ron Barfield,BC,RB,11,14,1.3,10,0
George Hart III,ASU,RB,5,14,2.8,7,0
E.J. Warner,TEM,QB,23,14,0.6,12,0
A'Marion Peterson,USC,RB,2,14,7.0,9,0
Kalib Hicks,OU,RB,3,14,4.7,9,1
Brandon High,UTSA,RB,6,14,2.3,5,0
Khalifa Keith,TENN,RB,7,14,2.0,6,0
La'James White,KSU,RB,2,14,7.0,9,0
Dee Wiggins,CIN,WR,1,13,13.0,13,0
Billy Kemp IV,NEB,WR,2,13,6.5,9,1
Desmond Trotter,USA,QB,2,13,6.5,8,0
Jesiah Irish,ORST,WR,2,13,6.5,11,0
Tucker Gleason,TOL,QB,5,13,2.6,9,0
Keelan Marion,BYU,WR,6,13,2.2,6,2
Zach Pyron,GT,QB,5,13,2.6,5,0
Owen McCown,UTSA,QB,7,13,1.9,11,0
Squirrel White,TENN,WR,2,13,6.5,8,0
Cam Crooks,TLSA,WR,4,13,3.3,10,0
Tyler Bradley,NAVY,RB,1,13,13.0,13,0
Ahmad Edwards,BALL,WR,2,12,6.0,9,0
Tayvion Robinson,UK,WR,2,12,6.0,6,0
Jamari Thrash,LOU,WR,1,12,12.0,12,1
Traeshon Holden,ORE,WR,2,12,6.0,7,1
JoJo Earle,TCU,WR,3,12,4.0,9,0
Issiah Nixon,SHSU,LB,7,12,1.7,5,2
Brock Domann,LOU,QB,3,12,4.0,11,0
Dane Kinamon,AFA,WR,4,12,3.0,4,0
JP Richardson,TCU,WR,3,12,4.0,8,0
Elijah Green,UNC,RB,4,12,3.0,9,0
Chase Roberts,BYU,WR,2,12,6.0,11,0
Terron Dixon III,GASO,RB,5,12,2.4,12,0
Jake Tafelski,CMU,RB,3,12,4.0,5,0
Shaun Thomas,CIN,RB,7,12,1.7,5,0
Kellan Hood,UNC,RB,2,12,6.0,7,0
Kenyon Sadiq,ORE,TE,1,12,12.0,12,0
John Busha,AFA,QB,3,12,4.0,6,0
David Martin-Robinson,TEM,TE,7,11,1.6,4,1
Behren Morton,TTU,QB,38,11,0.3,10,3
Ayir Asante,WYO,WR,4,11,2.8,10,1
Antwan Roberts,MRSH,RB,2,11,5.5,8,0
Ladd McConkey,UGA,WR,1,11,11.0,11,0
Malachi Corley,WKU,WR,4,11,2.8,6,0
Will Pauling,WIS,WR,1,11,11.0,11,0
Luther Burden III,MIZ,WR,6,11,1.8,6,0
Nate Boerkircher,NEB,TE,1,11,11.0,11,0
Jake Arthurs,NU,RB,4,11,2.8,8,0
Charles Crawford III,SHSU,RB,7,11,1.6,4,0
Mudia Reuben,STAN,WR,2,11,5.5,13,0
Charlie Offerdahl,COLO,RB,2,11,5.5,6,0
Christian Washington,UNM,RB,12,11,0.9,5,0
Dakota Williams,LT,WR,8,11,1.4,6,1
Jaylen Lloyd,NEB,WR,4,11,2.8,9,0
Champ Harris,ARMY,QB,21,11,0.5,36,1
Kaden Cloud,AFA,RB,2,11,5.5,11,0
Trey Lowe,LIB,QB,3,10,3.3,5,0
Timmy Bleekrode,NEB,PK,1,10,10.0,10,0
Jeremiah Hixon,UNM,WR,2,10,5.0,7,0
Dashaun Davis,APP,WR,1,10,10.0,10,0
Lawrence Arnold,KU,WR,1,10,10.0,10,0
Roman Wilson,MICH,WR,1,10,10.0,10,0
Jayden Thomas,ND,WR,1,10,10.0,10,0
Kendrell Flowers,NIU,RB,3,10,3.3,4,0
Tahj Washington,USC,WR,1,10,10.0,10,0
Julian Gray,NCSU,WR,3,10,3.3,7,0
Jayden Denegal,MICH,QB,4,10,2.5,8,0
Nyck Harbor,SC,WR,2,10,5.0,9,0
Jaquaize Pettaway,OU,WR,1,10,10.0,10,0
Devin McCuin,UTSA,WR,1,10,10.0,10,0
Ajani Sheppard,RUTG,QB,1,10,10.0,10,0
Kadin Semonza,BALL,QB,17,10,0.6,16,0
Trent Hudson,NMSU,WR,1,10,10.0,10,0
Mark Pope,MASS,WR,5,9,1.8,11,0
Tyrone Broden,ARK,WR,1,9,9.0,9,0
Anthony Sambucci,WMU,WR,1,9,9.0,9,0
Cameron Ross,CONN,WR,4,9,2.3,14,0
Zach Haynes,NMSU,P,1,9,9.0,9,0
Chase Gabriel,FIU,PK,1,9,9.0,9,0
Joey Bearns III,CLT,TE,3,9,3.0,5,0
Janiran Bonner,NEB,FB,4,9,2.3,3,1
Sam Horn,MIZ,QB,3,9,3.0,6,0
Jake Farrell,HAW,QB,2,9,4.5,9,0
Timothy Conerly,UNLV,WR,2,9,4.5,5,0
Zavion Thomas,MSST,WR,9,9,1.0,8,0
Atticus Sappington,ORST,PK,1,9,9.0,9,0
Raheim Jeter,ECU,QB,1,9,9.0,9,0
Jeremiah Coney,VT,RB,6,9,1.5,5,0
Xavier Terrell,FAU,RB,1,9,9.0,9,0
Bryce McMahon,TOL,RB,3,9,3.0,7,0
Kayden Collins,SJSU,RB,2,9,4.5,6,0
Malik Phillips,SHSU,WR,3,9,3.0,8,0
Troy Leigber,UCLA,RB,1,9,9.0,9,0
Drake Stoops,OU,WR,4,8,2.0,13,0
Kenyon Sims,JVST,RB,4,8,2.0,4,0
Cam Johnson,NU,WR,1,8,8.0,8,0
Ben Finley,CAL,QB,12,8,0.7,6,0
Derrick Davis Jr.,PITT,RB,2,8,4.0,7,0
Tate Rodemaker,FSU,QB,4,8,2.0,10,0
Jayden Harrison,MRSH,WR,1,8,8.0,8,0
Danny Hughes,MICH,RB,2,8,4.0,6,0
EJ Horton,WVU,WR,2,8,4.0,4,0
Tar'Varish Dawson,COLO,WR,1,8,8.0,8,1
Cooper DeJean,IOWA,DB,1,8,8.0,8,0
Emmett Morehead,BC,QB,2,8,4.0,4,0
Kamdyn Benjamin,TLSA,WR,1,8,8.0,8,0
CJ Stokes,MICH,RB,4,8,2.0,7,0
Bryson Moss,EMU,RB,1,8,8.0,8,0
Bradley Dunn,SC,RB,3,8,2.7,9,0
Reese Clark,TEM,TE,3,8,2.7,3,0
Javen Jacobs,ASU,RB,3,8,2.7,5,0
Max Fletcher,ARK,P,1,8,8.0,8,0
Dewayne Coleman,ARMY,QB,4,8,2.0,5,0
Noah Short,ARMY,WR,3,8,2.7,6,0
Chuuky Hines,HAW,WR,1,8,8.0,8,0
Chauncy Cobb,ARST,WR,1,8,8.0,8,0
Tate Jernigan,TULN,RB,1,8,8.0,8,0
Jonathon Carter,USA,RB,1,8,8.0,8,0
Que Williams,M-OH,WR,1,8,8.0,8,0
Hamze El-Zayat,EMU,WR,2,7,3.5,6,0
Tyler Harrell,MIA,WR,1,7,7.0,7,0
Trent Pennix,NCSU,TE,1,7,7.0,7,0
Sam Pinckney,CCU,WR,1,7,7.0,7,0
Davis Beville,OU,QB,3,7,2.3,3,0
Zae Baines,TEM,WR,2,7,3.5,13,0
Malik Washington,UVA,WR,3,7,2.3,8,0
Jahmal Banks,WAKE,WR,1,7,7.0,7,0
Tyler Van Dyke,MIA,QB,20,7,0.3,37,1
Tychaun Chapman,UNC,WR,1,7,7.0,7,0
Ben Brittain,AFA,QB,1,7,7.0,7,0
Jalen Johnson,AFA,RB,2,7,3.5,4,0
Matt Colombo,USC,RB,1,7,7.0,7,0
Kylen Austin,LIB,WR,2,7,3.5,4,0
Bennett Meredith,PUR,QB,4,7,1.8,11,0
Iverson Hooks,UAB,WR,1,7,7.0,7,0
Bobby Golden,AKR,WR,2,7,3.5,4,0
Nolan Ray,MD,RB,3,7,2.3,6,0
Caleb Komolafe,NU,RB,2,7,3.5,5,0
Grady Brosterhous,UVA,QB,4,7,1.8,2,0
Jaylin Belford,LIB,RB,1,7,7.0,7,0
Kelly Akharaiyi,UTEP,WR,1,7,7.0,7,0
George Arata,TULN,RB,2,7,3.5,4,0
Ke'Marion Baldwin,JMU,RB,3,7,2.3,6,0
Zack Dobson,MTSU,WR,4,6,1.5,3,1
Dino Tomlin,BC,WR,2,6,3.0,11,0
Micah Kelly,TOL,RB,5,6,1.2,3,0
Sedrick Van Pran,UGA,OL,0,6,0.0,6,0
Mavin Anderson,CAL,WR,1,6,6.0,6,0
Terry Lockett Jr.,EMU,WR,1,6,6.0,6,0
Corey Rucker,ARST,WR,1,6,6.0,6,0
Shawn Harris Jr.,MASS,WR,2,6,3.0,6,0
Abdul-Fatai Ibrahim,BGSU,WR,3,6,2.0,5,0
Dalton Stroman,APP,WR,1,6,6.0,6,0
Ethan Hampton,NIU,QB,4,6,1.5,6,0
Chase Contreraz,ISU,PK,1,6,6.0,6,0
Joseph Martinez,MSU,RB,5,6,1.2,3,0
Will Pelissier,WYO,WR,3,6,2.0,4,0
Gavin Haines,ORST,RB,2,6,3.0,5,0
Sam Candotti,BC,P,1,6,6.0,6,0
Cole Cabana,MICH,RB,2,6,3.0,5,0
Arlen Harris Jr.,ISU,RB,1,6,6.0,6,0
Trimaine Brown Jr.,BGSU,WR,2,6,3.0,4,0
Darius Stone,AFA,RB,1,6,6.0,6,0
JQ Gray,USM,RB,3,6,2.0,3,0
Darren Lloyd,CCU,RB,2,6,3.0,4,0
Maurice Mazzccua,NEB,RB,1,6,6.0,6,0
Travis Glover,GAST,OT,1,5,5.0,5,0
Jax Sherrard,SHSU,TE,1,5,5.0,5,0
Harold Joiner III,MSU,LB,5,5,1.0,6,0
JJ Branham,SYR,RB,3,5,1.7,3,0
Oscar Cardenas,UTSA,TE,2,5,2.5,3,0
Dante Wright,TEM,WR,2,5,2.5,4,0
Jayson Jones,JVST,WR,1,5,5.0,5,0
Izayah Cummings,UK,TE,1,5,5.0,5,0
Elijah Metcalf,MTSU,WR,1,5,5.0,5,0
Courtney Jackson,ARST,WR,1,5,5.0,5,0
DC Tabscott,UNM,QB,1,5,5.0,5,0
Mareyohn Hrabowski,WMU,QB,2,5,2.5,4,0
Tariq Sims,ODU,RB,6,5,0.8,3,0
Braden Davis,SYR,QB,2,5,2.5,4,0
AJ Duffy,FSU,QB,3,5,1.7,9,0
Josh Hoover,TCU,QB,17,5,0.3,26,1
Kyle Lowe,MTSU,QB,3,5,1.7,6,0
Brayden Schager,HAW,QB,95,5,0.1,40,2
Joshua Nicholson,SDSU,WR,1,5,5.0,5,0
Brett Griffis,JMU,QB,2,5,2.5,4,0
Dylan Lonergan,ALA,QB,1,5,5.0,5,0
Jaden Rashada,ASU,QB,8,5,0.6,9,0
Tim Gans,NMSU,RB,1,5,5.0,5,0
Billy Atkins,JMU,QB,2,5,2.5,6,0
Tae Meadows,TROY,RB,1,5,5.0,5,1
Louis Brown IV,CSU,WR,2,5,2.5,3,0
Taven Curry,UAB,RB,1,5,5.0,5,0
Charles Kellom,AKR,RB,4,5,1.3,4,0
London Humphreys,VAN,WR,1,5,5.0,5,0
Darius Lassiter,BYU,WR,1,5,5.0,5,0
Cannon Turner,AFA,QB,3,5,1.7,3,0
Anthony DiNota,TA&M,RB,2,5,2.5,3,0
Josiah Gonzales,UCLA,DB,3,5,1.7,3,0
Ike Udengwu III,EMU,QB,5,5,1.0,15,0
Chris Edmonds,BGSU,RB,1,5,5.0,5,0
Aidan Swanson,CLEM,PK,1,4,4.0,4,0
Anthony Switzer,USU,S,1,4,4.0,4,0
Andy Alfieri,CAL,FB,2,4,2.0,4,0
Diante Vines,IOWA,WR,1,4,4.0,4,0
Santino Marucci,WAKE,QB,8,4,0.5,8,0
Jaedon Wilson,ARK,WR,1,4,4.0,4,0
Landen King,UTAH,TE,1,4,4.0,4,0
Billy Dozier,NIU,WR,4,4,1.0,5,0
Earnest Crownover,TA&M,RB,2,4,2.0,6,0
C.J. Smith,UGA,WR,1,4,4.0,4,0
Jarel Williams,WVU,WR,1,4,4.0,4,0
Christian Francisco,RICE,RB,1,4,4.0,4,1
Drae McCray,TTU,WR,1,4,4.0,4,0
Franklin Estrada II,TCU,RB,1,4,4.0,4,0
Mikey Matthews,UTAH,WR,1,4,4.0,4,0
Kaleb Black,ASU,WR,4,4,1.0,5,0
Tyler Holzworth,PSU,RB,3,4,1.3,2,0
Robert Armes,FAU,RB,2,4,2.0,2,0
Jaylen Morgan,UNM,RB,1,4,4.0,4,0
Jarvis Green,CLEM,RB,3,4,1.3,2,0
Tanner Hughes,ISU,QB,2,4,2.0,3,0
Anthony Ferrucci,BC,RB,1,4,4.0,4,0
Charlie Mangieri,NU,TE,1,3,3.0,3,0
Payton Wilson,NCSU,LB,1,3,3.0,3,0
Gino Campiotti,MASS,TE,1,3,3.0,3,0
Devin Maddox,TOL,WR,1,3,3.0,3,0
Nick Fedanzo,ILL,RB,1,3,3.0,3,0
Chase Griffin,UCLA,QB,2,3,1.5,9,0
Amari Johnson,UCF,WR,2,3,1.5,2,0
Cole Kramer,MINN,QB,2,3,1.5,4,0
Jalon Calhoun,DUKE,WR,1,3,3.0,3,0
Kobie Campbell,RICE,WR,7,3,0.4,8,0
Mookie Cooper,MIZ,WR,1,3,3.0,3,0
John Copenhaver,UNC,TE,0,3,0.0,3,0
Evan Prater,CIN,WR,2,3,1.5,2,0
Josh Atwood,MASS,OL,0,3,0.0,3,0
Xavier White,TTU,WR,4,3,0.8,2,0
Joshua Gray,ORST,OL,1,3,3.0,3,1
Josh Kelly,WSU,WR,1,3,3.0,3,0
Gunnar Greenwald,USF,TE,1,3,3.0,3,0
Ramon Brown,MD,RB,1,3,3.0,3,0
Tetairoa McMillan,ARIZ,WR,1,3,3.0,3,0
Chase Ketterer,ND,RB,1,3,3.0,3,0
Brian Garcia,ULM,QB,3,3,1.0,5,0
Preston Fox,WVU,WR,1,3,3.0,3,0
Kenneth Womack,WMU,WR,0,3,0.0,3,0
Tevin Carter,MEM,QB,3,3,1.0,11,0
Isaiah Bond,ALA,WR,1,3,3.0,3,0
Pierce Clarkson,LOU,QB,1,3,3.0,3,0
Jaden Greathouse,ND,WR,1,3,3.0,3,0
John Randle Jr.,UTAH,RB,2,3,1.5,2,0
Wise Segars Jr.,CLEM,RB,1,3,3.0,3,0
Max White,IOWA,RB,3,3,1.0,3,1
Sam Assaf,ND,RB,2,3,1.5,2,0
Brady Drogosh,CIN,QB,3,3,1.0,8,0
Marquis Johnson,MIZ,WR,1,3,3.0,3,0
Ethan Rhodes,NCSU,QB,1,3,3.0,3,0
Terrell Vaughn,USU,WR,4,3,0.8,4,0
Henry Donohue,MICH,RB,1,3,3.0,3,0
Andrew Armstrong,ARK,WR,1,3,3.0,3,0
Jayce Brown,KSU,WR,4,3,0.8,2,0
Jake Rendina,ARMY,RB,1,3,3.0,3,0
Kade Frew,AFA,RB,1,3,3.0,3,0
Casey Thompson,FAU,QB,10,2,0.2,14,0
Tanner Knue,EMU,WR,1,2,2.0,2,0
Bru McCoy,TENN,WR,1,2,2.0,2,0
Ryan Hilinski,NU,QB,1,2,2.0,2,0
Johnathan Bennett,LIB,QB,1,2,2.0,2,0
Tonka Hemingway,SC,DT,1,2,2.0,2,1
Jaheim Bell,FSU,TE,4,2,0.5,4,1
Jerjuan Newton,TOL,WR,1,2,2.0,2,0
JJ Pegues,MISS,DT,2,2,1.0,2,0
Roc Taylor,MEM,WR,2,2,1.0,11,0
Kody Epps,BYU,WR,1,2,2.0,2,0
Grant Tisdale,TCU,QB,1,2,2.0,2,0
Matthew Hayball,VAN,P,1,2,2.0,2,0
Jordan Moore,DUKE,WR,4,2,0.5,3,0
Malik Rutherford,GT,WR,1,2,2.0,2,0
Peter Montini,CSU,TE,2,2,1.0,2,0
Quentin Skinner,KU,WR,1,2,2.0,2,0
Keon Coleman,FSU,WR,1,2,2.0,2,0
Lewis Bond,BC,WR,1,2,2.0,2,0
Mitchell Evans,ND,TE,1,2,2.0,2,0
Jesse Mirco,OSU,P,1,2,2.0,2,0
Brian Kowall,UCLA,RB,1,2,2.0,2,0
Trace Bruckler,UNM,TE,1,2,2.0,2,0
Noah Fifita,ARIZ,QB,31,2,0.1,18,0
Nik McMillan,BUFF,WR,1,2,2.0,2,0
Quintrevion Wisner,TEX,RB,2,2,1.0,2,0
Jordan Anthony,TA&M,WR,1,2,2.0,2,0
Hal Presley,BAY,WR,2,2,1.0,3,0
Jonah Burton,BAY,WR,2,2,1.0,2,0
Blake Bosma,WMU,TE,1,2,2.0,2,0
Anthony Evans III,UGA,WR,1,2,2.0,2,0
Devonte Ross,TROY,WR,1,2,2.0,2,0
Dylan Rizk,UCF,QB,2,2,1.0,8,0
Eli Mason,MD,RB,2,2,1.0,2,0
Brant Ahlfinger,TCU,RB,1,2,2.0,2,0
Hayden Timosciek,BGSU,QB,4,2,0.5,2,0
Tobi Olawole,ARMY,WR,3,2,0.7,6,0
Caleb Hampton,STAN,RB,1,2,2.0,2,0
Jack Westover,WASH,TE,1,1,1.0,1,1
Dallin Holker,CSU,TE,1,1,1.0,1,1
Smoke Harris,LT,WR,9,1,0.1,7,0
DeQuece Carter,IU,WR,1,1,1.0,1,0
Taj Davis,CAL,WR,1,1,1.0,1,0
Marshawn Kneeland,WMU,DL,2,1,0.5,1,1
Chris Tyree,ND,WR,2,1,0.5,3,0
Ricky White,UNLV,WR,1,1,1.0,1,0
Daejon Reynolds,PITT,WR,1,1,1.0,1,0
DJ Lundy,FSU,LB,1,1,1.0,1,1
Luke MacPhail,SYR,QB,1,1,1.0,1,0
Ozzy Trapilo,BC,OL,0,1,0.0,1,0
Garrett Nussmeier,LSU,QB,1,1,1.0,1,1
Hamp Greene,CLEM,WR,1,1,1.0,1,0
Enoch Nawahine,BYU,RB,1,1,1.0,1,0
Malik Nabers,LSU,WR,1,1,1.0,1,0
Adonai Mitchell,TEX,WR,2,1,0.5,5,0
Cameron Friel,UNLV,QB,1,1,1.0,1,1
Tre Bradford,LSU,RB,4,1,0.3,4,1
Zak Burnett,LIB,QB,1,1,1.0,1,0
JB Mitchell III,EMU,WR,1,1,1.0,1,0
AJ Padgett,RICE,QB,22,1,0.0,11,2
Tyler Jefferson,CMU,QB,1,1,1.0,1,0
Chris Lewis,TROY,WR,1,1,1.0,1,0
Dean Patterson,FIU,WR,1,1,1.0,1,0
Josh Cameron,BAY,WR,2,1,0.5,2,0
Kellen Stewart,MTSU,WR,1,1,1.0,1,0
Tadd Barr,BUFF,WR,1,1,1.0,1,0
Dijon Stanley,UTAH,RB,6,1,0.2,7,0
DeAndra Burns Jr.,ARST,WR,1,1,1.0,1,0
Joe Jackson,KSU,RB,4,1,0.3,5,0
Malachi Lane,LSU,RB,1,1,1.0,1,0
Marlion Jackson,LT,WR,2,1,0.5,5,0
Jaelon Barbarin,MSU,RB,1,1,1.0,1,0
Jarod Bowie,JVST,WR,1,1,1.0,1,0
Josiah Johnson,OKST,TE,1,0,0.0,0,0
D.J. Twitty,SC,RB,3,0,0.0,2,0
Ahmarean Brown,SC,WR,2,0,0.0,1,0
Dominick Mazotti,SJSU,TE,1,0,0.0,0,0
Kris Mitchell,FIU,WR,1,0,0.0,0,0
KeAndre Lambert-Smith,PSU,WR,2,0,0.0,2,0
Mario Williams,USC,WR,2,0,0.0,4,0
Solo Lewis,LT,WR,1,0,0.0,0,0
Nick Nash,SJSU,WR,1,0,0.0,0,0
Marcus Bellon,UTEP,WR,1,0,0.0,0,0
Al-Jay Henderson,BUFF,RB,5,0,0.0,2,1
Jhaylin Embry,BGSU,WR,1,0,0.0,0,0
Chase Penry,BOIS,WR,1,0,0.0,0,0
Kuao Peihopa,HAW,DL,1,0,0.0,0,0
Braden Smith,CIN,WR,2,0,0.0,0,0
Xavier Guillory,ASU,WR,1,0,0.0,0,0
Minaya Olivo,UCLA,RB,1,0,0.0,0,0
Isaiah Carlson,UCLA,RB,1,0,0.0,0,0
Kevin McNeal,CLEM,RB,1,0,0.0,0,0
Jack Browning,SDSU,PK,1,0,0.0,0,0
Gavin Yates,BAY,TE,1,0,0.0,0,0
Turner Helton,WKU,QB,1,0,0.0,0,0
Devan Williams,TLSA,WR,1,0,0.0,0,0
Jordan Louie,UNC,RB,1,0,0.0,0,0
Kendin Alexander,AFA,WR,1,0,0.0,0,0
Nick Gardinera,SDSU,RB,1,0,0.0,0,0
Justin Holaday,UNM,QB,1,0,0.0,0,0
KD Dorsey,GASO,WR,1,0,0.0,0,0
Isaac TeSlaa,ARK,WR,1,0,0.0,0,0
Mario Agyen,LOU,RB,1,0,0.0,0,0
Marcus Vinson,UTEP,TE,1,0,0.0,0,0
Willie McCoy,UTSA,WR,3,0,0.0,8,0
Kelby Williams,ODU,WR,1,0,0.0,0,0
Bryson Graves,CCU,WR,1,0,0.0,0,0
Jordan Yates,SHSU,QB,2,-1,-0.5,1,0
Luke Doty,SC,QB,1,-1,-1.0,0,0
Griffin Moore,ILL,TE,1,-1,-1.0,0,0
Moochie Dixon,SMU,WR,1,-1,-1.0,0,0
Joey Hobert,TXST,WR,1,-1,-1.0,0,0
Dalevon Campbell,NEV,WR,1,-1,-1.0,0,0
Jaylin Noel,ISU,WR,1,-1,-1.0,0,0
Terry Berdin Jr.,GAST,RB,1,-1,-1.0,0,0
Donaven McCulley,IU,WR,3,-1,-0.3,1,0
Tailique Williams,GAST,WR,1,-1,-1.0,0,0
Kyre Duplessis,CCU,WR,1,-1,-1.0,0,0
Mike Jackson,FIU,WR,2,-1,-0.5,2,0
Caleb Merritt,WYO,WR,1,-1,-1.0,0,0
Octavian Smith Jr.,MD,WR,2,-1,-0.5,5,0
Charles Schibler,TULN,RB,1,-1,-1.0,0,0
Giovanni Sanders,ASU,WR,2,-1,-0.5,4,0
Coy Eakin,TTU,WR,1,-1,-1.0,0,0
Evan Bullock,LT,QB,1,-1,-1.0,0,0
Keynan Higgins,SJSU,WR,1,-1,-1.0,0,0
Yamir Knight,JMU,WR,1,-1,-1.0,0,0
Jaylon Robinson,TCU,WR,2,-2,-1.0,1,0
Kavosiey Smoke,COLO,RB,2,-2,-1.0,0,0
Mycah Pittman,UTAH,WR,1,-2,-2.0,0,0
Jay Butterfield,SJSU,QB,2,-2,-1.0,3,0
Jaden Alexis,USF,WR,1,-2,-2.0,0,0
Jeremy Flax,UK,OL,0,-2,0.0,0,0
Arlis Boardingham,FLA,TE,0,-2,0.0,0,0
Braedyn Locke,WIS,QB,17,-2,-0.1,29,0
Andrew Glass,KENT,PK,1,-2,-2.0,0,0
Ashtyn Hawkins,TXST,WR,1,-2,-2.0,0,0
Mekhi Mews,UGA,WR,1,-2,-2.0,0,0
Luke Lindenmeyer,NEB,TE,1,-2,-2.0,0,0
Addai Lewellen,PUR,RB,1,-2,-2.0,0,0
Yamil Oaxaca,UTEP,WR,1,-2,-2.0,0,0
Ray Paulo,BYU,TE,1,-2,-2.0,0,0
Joey Gatewood,LOU,TE,1,-3,-3.0,0,0
Jalen Knox,MISS,WR,1,-3,-3.0,0,0
Cody Simon,OSU,LB,1,-3,-3.0,0,0
Christian Leary,GT,WR,1,-3,-3.0,0,0
Austin Barber,FLA,OL,0,-3,0.0,0,0
Jack Bech,TCU,WR,3,-3,-1.0,7,0
Joseph Manjack IV,HOU,WR,2,-3,-1.5,0,0
Evan Stewart,TA&M,WR,1,-3,-3.0,0,0
Gaston Moore,TENN,QB,1,-3,-3.0,0,0
Nathan Harris-Waynick,SC,RB,1,-3,-3.0,0,0
Donovan Brown,SYR,WR,1,-3,-3.0,0,0
Xavier Shaw,WKU,DB,0,-3,0.0,0,0
Parker Kingston,BYU,WR,5,-3,-0.6,4,0
Kole Wilson,TXST,WR,1,-3,-3.0,0,0
Jacob De Jesus,UNLV,WR,3,-3,-1.0,2,0
Gavin Kuld,COLO,QB,3,-3,-1.0,2,0
Grant Gunnell,SHSU,QB,4,-4,-1.0,5,0
Christian Wells,MASS,WR,2,-4,-2.0,0,0
JoVoni Johnson-McCray,RICE,WR,1,-4,-4.0,0,0
Goose Crowder,TROY,QB,6,-4,-0.7,4,0
Corey Stewart,BALL,OL,1,-4,-4.0,0,0
Jhari Patterson,ECU,WR,2,-4,-2.0,0,0
Davis Warren,MICH,QB,2,-4,-2.0,4,0
Brady Hodges,LOU,P,1,-4,-4.0,0,0
Michael Penix Jr.,WASH,QB,23,-5,-0.2,11,3
Monroe Young,CAL,WR,2,-5,-2.5,5,0
Daniel Jackson,MINN,WR,1,-5,-5.0,0,0
Tommi Hill,NEB,DB,1,-5,-5.0,0,0
Justin Ball,VAN,TE,1,-5,-5.0,0,0
Dylan Morris,WASH,QB,1,-5,-5.0,0,0
Ryan Rehkow,BYU,P,1,-5,-5.0,0,0
Cade Fennegan,BYU,QB,2,-5,-2.5,0,0
Kaiya Sheron,UK,QB,2,-5,-2.5,2,0
Jaden Bray,OKST,WR,1,-5,-5.0,0,0
Jacob Conover,ASU,QB,10,-5,-0.5,14,0
Zach Mundell,ARMY,QB,4,-5,-1.3,2,0
Amad Anderson Jr.,TEM,WR,2,-6,-3.0,0,0
Ben Kopenski,TLSA,DL,1,-6,-6.0,0,0
Brian Thomas Jr.,LSU,WR,1,-6,-6.0,0,0
Luke Grimm,KU,WR,1,-6,-6.0,0,0
Tyler Davis,CLEM,DT,1,-6,-6.0,0,0
Demarcus Jones II,NCSU,RB,4,-6,-1.5,2,1
Brett Buckman,CONN,WR,2,-6,-3.0,3,0
Malachi Fields,UVA,WR,1,-6,-6.0,0,0
Kamryn Perry,IU,WR,2,-6,-3.0,0,0
Israel Carter,USF,QB,1,-6,-6.0,0,0
Tanner Bailey,SC,QB,1,-7,-7.0,0,0
Kevin Coleman,LOU,WR,2,-7,-3.5,1,0
James Burns,CONN,WR,1,-7,-7.0,0,0
John Bock II,FIU,OL,1,-7,-7.0,0,0
Jordy Sandy,TCU,P,1,-8,-8.0,0,0
Kobe Hudson,UCF,WR,1,-8,-8.0,0,0
Xavier Legette,SC,WR,8,-8,-1.0,7,0
Clay Millen,CSU,QB,2,-8,-4.0,3,0
Gavin Hardison,UTEP,QB,34,-8,-0.2,16,2
Roman Fuller,TLSA,QB,2,-8,-4.0,0,0
Jairus Mack,CLT,WR,2,-8,-4.0,0,0
Jacari Carter,GAST,WR,1,-8,-8.0,0,0
JR Wilson,UVA,WR,1,-8,-8.0,0,0
Cyrus Allen,LT,WR,2,-8,-4.0,0,0
Joey Cheek,UTAH,PK,1,-8,-8.0,0,0
Tobin O'Dell,SDSU,QB,1,-8,-8.0,0,0
Nico Ragaini,IOWA,WR,2,-9,-4.5,0,0
Stephan Bracey Jr.,CMU,WR,1,-9,-9.0,0,0
Joshua Cephus,UTSA,WR,1,-9,-9.0,0,0
Jordan Watkins,MISS,WR,1,-9,-9.0,0,0
Gavin Meyers,WIS,P,1,-9,-9.0,0,0
Bronson Barron,WKU,QB,1,-9,-9.0,0,0
Chris Parson,MSST,QB,9,-9,-1.0,12,0
Stefan Cobbs,BOIS,WR,2,-10,-5.0,0,0
Milan Tucker,APP,WR,3,-10,-3.3,3,1
Shawn Charles,ASU,WR,1,-10,-10.0,0,0
Kyle Williams,WSU,WR,3,-10,-3.3,1,0
Ryan Burger,APP,QB,4,-10,-2.5,10,0
Cam'Ron McCoy,EMU,QB,2,-10,-5.0,0,0
Luke Bauer,MIZ,PK,1,-11,-11.0,2,0
Cameron Edge,MD,QB,1,-11,-11.0,0,0
J.T. Shrout,ARST,QB,4,-12,-3.0,10,0
Holden Geriner,AUB,QB,2,-12,-6.0,0,0
Micah Bowens,CLT,QB,1,-13,-13.0,0,0
Luke Larsen,ECU,P,1,-13,-13.0,0,0
Cooper Allan,ARMY,P,1,-13,-13.0,0,0
Christian Veilleux,PITT,QB,24,-14,-0.6,11,0
Ryan Staub,COLO,QB,7,-14,-2.0,5,0
Michael Kern,WAKE,QB,18,-15,-0.8,14,0
Jared Wheatley,OHIO,P,1,-15,-15.0,0,0
Holman Edwards,USM,QB,9,-15,-1.7,18,0
Bryan Domino,CONN,WR,1,-15,-15.0,0,0
John Paddock,ILL,QB,8,-17,-2.1,2,0
Emory Williams,MIA,QB,7,-17,-2.4,6,0
Chandler Fields,UL,QB,17,-18,-1.1,12,0
Maalik Murphy,TEX,QB,1,-18,-18.0,0,0
Cade McConnell,UTEP,QB,26,-19,-0.7,13,0
Bryce Archie,USF,QB,5,-20,-4.0,12,0
Landry Lyddy,UAB,QB,3,-20,-6.7,0,0
Kirk Francis,TLSA,QB,11,-20,-1.8,13,0
Devin Kargman,KENT,QB,4,-21,-5.3,0,0
Tayven Jackson,IU,QB,28,-21,-0.8,10,1
Michael O'Shaughnessy,MSU,P,1,-22,-22.0,0,0
Will Rogers,MSST,QB,26,-23,-0.9,15,0
Eddie Lee Marburger,UTSA,QB,7,-23,-3.3,5,0
Haden Carlson,FIU,QB,3,-25,-8.3,0,0
Forrest Brock,TEM,QB,5,-25,-5.0,4,0
Carter Bradley,USA,QB,40,-26,-0.6,17,1
Brayden Fowler-Nicolosi,CSU,QB,32,-28,-0.9,9,1
Devin Leary,UK,QB,36,-32,-0.9,22,1
Davis Brin,GASO,QB,61,-38,-0.6,18,1
Cole Pennington,MRSH,QB,6,-39,-6.5,6,0
Kedon Slovis,BYU,QB,29,-41,-1.4,21,3
Cade McNamara,IOWA,QB,13,-45,-3.5,18,0
Kai Horton,TULN,QB,15,-46,-3.1,8,1
Michael Alaimo,KENT,QB,57,-48,-0.8,24,1
Drew Pyne,ASU,QB,14,-49,-3.5,11,0
Dante Moore,UCLA,QB,34,-49,-1.4,16,0
Layne Hatcher,BALL,QB,20,-53,-2.7,8,1
Ben Bryant,NU,QB,48,-55,-1.1,15,3
Kyle McCord,OSU,QB,31,-62,-2.0,9,0
JT Daniels,RICE,QB,25,-65,-2.6,16,1
Daniel Richardson,FAU,QB,40,-67,-1.7,39,0
Connor Bazelak,BGSU,QB,35,-71,-2.0,16,1
Graham Mertz,FLA,QB,62,-74,-1.2,12,4
Shedeur Sanders,COLO,QB,111,-77,-0.7,38,4
Gunnar Watson,TROY,QB,41,-82,-2.0,16,1
Deacon Hill,IOWA,QB,32,-88,-2.8,12,1
Trexler Ivey,CLT,QB,32,-92,-2.9,12,3
Mikey Keene,FRES,QB,25,-137,-5.5,6,0
Jeff Undercuffler Jr.,AKR,QB,21,-175,-8.3,5,1
