Player,School,POS,CMP,ATT,CMP%,YDS,AVG,LNG,TD,INT,SACK,RTG
Michael Penix Jr.,WASH,QB,225,324,69.4,3201,9.9,92,26,7,6,174.6
Caleb Williams,USC,QB,216,312,69.2,2958,9.5,76,28,4,27,175.9
Shedeur Sanders,COLO,QB,270,385,70.1,2882,7.5,75,24,3,45,152.0
Drake Maye,UNC,QB,203,308,65.9,2803,9.1,77,20,5,22,160.5
Jayden Daniels,LSU,QB,178,247,72.1,2792,11.3,86,27,4,18,199.9
Cameron Ward,WSU,QB,240,349,68.8,2773,7.9,63,17,4,25,149.3
Brayden Schager,HAW,QB,255,409,62.3,2768,6.8,65,22,12,34,131.1
Bo Nix,ORE,QB,235,301,78.1,2723,9.0,72,25,2,4,180.1
Carson Beck,UGA,QB,213,295,72.2,2716,9.2,55,16,4,8,164.7
Brayden Fowler-Nicolosi,CSU,QB,234,372,62.9,2696,7.2,76,18,13,11,132.8
Davis Brin,GASO,QB,257,387,66.4,2651,6.8,76,18,13,21,132.6
Dillon Gabriel,OU,QB,206,289,71.3,2646,9.2,55,20,5,11,167.6
Seth Henigan,MEM,QB,208,314,66.2,2535,8.1,63,20,7,17,150.6
Spencer Rattler,SC,QB,212,304,69.7,2516,8.3,76,14,6,36,150.5
TJ Finley,TXST,QB,202,291,69.4,2504,8.6,89,18,5,20,158.7
Taulia Tagovailoa,MD,QB,218,335,65.1,2486,7.4,64,21,7,20,143.9
Brady Cook,MIZ,QB,183,272,67.3,2471,9.1,76,16,5,16,159.3
Jordan Travis,FSU,QB,186,289,64.4,2469,8.5,80,19,2,11,156.4
Jaxson Dart,MISS,QB,160,244,65.6,2467,10.1,68,16,4,20,168.9
Chandler Rogers,UNT,QB,195,307,63.5,2445,8.0,80,21,3,20,151.0
JT Daniels,RICE,QB,181,287,63.1,2443,8.5,80,21,7,15,153.8
Gunnar Watson,TROY,QB,168,274,61.3,2435,8.9,64,17,4,19,153.5
Graham Mertz,FLA,QB,221,299,73.9,2409,8.1,50,17,2,26,159.0
Joey Aguilar,APP,QB,181,285,63.5,2399,8.4,69,23,6,11,156.6
Jacob Zeno,UAB,QB,218,289,75.4,2389,8.3,75,17,7,20,159.4
Austin Reed,WKU,QB,215,358,60.1,2382,6.7,70,21,6,5,132.0
Preston Stone,SMU,QB,166,282,58.9,2355,8.4,91,21,5,8,150.0
Kyle McCord,OSU,QB,167,257,65.0,2352,9.2,75,17,4,14,160.6
Jordan McCloud,JMU,QB,176,262,67.2,2343,8.9,74,22,7,11,164.7
Nicholas Vattiato,MTSU,QB,221,331,66.8,2334,7.1,72,16,9,26,136.5
Haynes King,GT,QB,179,283,63.3,2330,8.2,58,22,10,8,151.0
Donovan Smith,HOU,QB,211,320,65.9,2303,7.2,53,18,7,20,140.6
Sam Hartman,ND,QB,162,258,62.8,2272,8.8,76,18,7,14,154.4
Mikey Keene,FRES,QB,210,311,67.5,2238,7.2,65,20,7,17,144.7
Byrum Brown,USF,QB,194,305,63.6,2222,7.3,88,17,7,28,138.6
Jack Plummer,LOU,QB,154,236,65.3,2159,9.1,85,14,8,18,154.9
Carter Bradley,USA,QB,167,254,65.7,2156,8.5,84,13,7,19,148.4
E.J. Warner,TEM,QB,180,304,59.2,2143,7.0,74,16,7,5,131.2
J.J. McCarthy,MICH,QB,156,206,75.7,2134,10.4,54,18,3,11,188.7
Diego Pavia,NMSU,QB,143,239,59.8,2116,8.9,80,17,6,16,152.7
Tyler Van Dyke,MIA,QB,170,251,67.7,2057,8.2,64,16,11,9,148.8
Cade Klubnik,CLEM,QB,201,320,62.8,2056,6.4,69,14,6,17,127.5
Joe Milton III,TENN,QB,169,258,65.5,2017,7.8,83,15,4,13,147.3
DJ Uiagalelei,ORST,QB,134,230,58.3,2014,8.8,75,18,4,10,154.2
Chevan Cordeiro,SJSU,QB,164,269,61.0,1989,7.4,63,13,3,17,136.8
Kaidon Salter,LIB,QB,114,192,59.4,1959,10.2,75,23,3,8,181.5
Will Howard,KSU,QB,163,257,63.4,1955,7.6,61,18,8,13,144.2
Cam Fancher,MRSH,QB,186,286,65.0,1948,6.8,65,8,11,24,123.8
Grayson McCall,CCU,QB,151,224,67.4,1919,8.6,63,10,6,12,148.7
Rocco Becht,ISU,QB,162,262,61.8,1918,7.3,75,13,7,7,134.4
Quinn Ewers,TEX,QB,151,213,70.9,1915,9.0,51,13,3,17,163.7
Alan Bowman,OKST,QB,169,288,58.7,1914,6.6,67,8,5,4,120.2
Devin Leary,UK,QB,147,256,57.4,1905,7.4,59,18,7,13,137.7
Drew Allar,PSU,QB,181,288,62.8,1895,6.6,72,20,1,11,140.3
Luke Altmyer,ILL,QB,175,270,64.8,1883,7.0,54,13,10,34,131.9
Darren Grainger,GAST,QB,161,243,66.3,1871,7.7,97,12,4,10,143.9
Hudson Card,PUR,QB,177,306,57.8,1861,6.1,84,9,8,19,113.4
Jalen Milroe,ALA,QB,114,176,64.8,1836,10.4,79,13,5,32,171.1
Jayden Maiava,UNLV,QB,134,207,64.7,1828,8.8,82,10,4,6,151.0
Dylan Hopkins,UNM,QB,137,233,58.8,1825,7.8,78,11,7,11,134.2
Emory Jones,CIN,QB,155,255,60.8,1818,7.1,53,14,10,20,130.9
KJ Jefferson,ARK,QB,163,250,65.2,1802,7.2,65,16,8,36,140.5
Keegan Shoemaker,SHSU,QB,190,298,63.8,1766,5.9,56,13,8,12,122.6
Billy Wiles,USM,QB,143,269,53.2,1746,6.5,80,9,6,18,114.3
Blake Shapen,BAY,QB,142,223,63.7,1738,7.8,71,8,2,21,139.2
Frank Harris,UTSA,QB,147,228,64.5,1722,7.6,84,13,6,11,141.5
Kedon Slovis,BYU,QB,153,266,57.5,1716,6.5,65,12,6,12,122.1
Thomas Castellanos,BC,QB,140,242,57.9,1714,7.1,52,12,7,11,127.9
Ashton Daniels,STAN,QB,148,249,59.4,1707,6.9,97,9,4,19,125.7
Cole Snyder,BUFF,QB,172,311,55.3,1683,5.4,51,13,9,13,108.8
Keyone Jenkins,FIU,QB,124,212,58.5,1682,7.9,64,6,7,29,127.9
Rocky Lombardi,NIU,QB,138,237,58.2,1658,7.0,72,9,5,13,125.3
Kurtis Rourke,OHIO,QB,147,233,63.1,1656,7.1,50,10,5,7,132.7
Jaylen Raynor,ARST,QB,102,172,59.3,1648,9.6,68,13,4,14,160.1
Brett Gabbert,M-OH,QB,111,187,59.4,1634,8.7,99,14,5,15,152.1
Dequan Finn,TOL,QB,131,207,63.3,1601,7.7,68,15,6,3,146.4
Jalen Mayden,SDSU,QB,148,239,61.9,1597,6.7,69,9,7,15,124.6
Michael Pratt,TULN,QB,118,168,70.2,1597,9.5,50,15,3,9,176.0
Daniel Richardson,FAU,QB,152,242,62.8,1555,6.4,76,11,8,15,125.2
Garrett Greene,WVU,QB,97,183,53.0,1545,8.4,70,10,2,4,139.8
Mitch Griffis,WAKE,QB,122,204,59.8,1534,7.5,69,9,7,32,130.7
Noah Fifita,ARIZ,QB,144,189,76.2,1521,8.0,69,14,4,13,164.0
Chandler Morris,TCU,QB,131,199,65.8,1513,7.6,59,12,5,11,144.6
Garrett Shrader,SYR,QB,123,197,62.4,1508,7.7,86,9,5,25,136.7
Cooper Legas,USU,QB,112,168,66.7,1505,9.0,76,15,6,15,164.2
Ta'Quan Roberson,CONN,QB,139,239,58.2,1493,6.2,59,8,5,5,117.5
Hank Bachmeier,LT,QB,129,190,67.9,1476,7.8,64,9,2,19,146.7
Grant Wilson,ODU,QB,110,188,58.5,1475,7.8,78,13,5,37,141.9
Max Johnson,TA&M,QB,118,190,62.1,1452,7.6,42,9,5,14,136.7
Jason Bean,KU,QB,91,150,60.7,1418,9.5,80,10,4,5,156.7
Dante Moore,UCLA,QB,91,175,52.0,1344,7.7,81,10,7,19,127.4
Jase Bauer,CMU,QB,124,213,58.2,1337,6.3,70,6,6,10,114.6
Austin Smith,EMU,QB,123,215,57.2,1334,6.2,68,7,6,25,114.5
Kyron Drones,VT,QB,114,195,58.5,1305,6.7,75,7,2,18,124.5
Athan Kaliakmanis,MINN,QB,111,205,54.1,1290,6.3,39,10,7,16,116.3
AJ Swann,VAN,QB,93,173,53.8,1290,7.5,56,11,7,9,129.3
Will Rogers,MSST,QB,105,171,61.4,1275,7.5,65,10,4,14,138.7
John Rhys Plumlee,UCF,QB,95,150,63.3,1273,8.5,86,8,7,5,142.9
Payton Thorne,AUB,QB,117,183,63.9,1269,6.9,53,10,6,19,133.7
Gavin Wimsatt,RUTG,QB,101,206,49.0,1263,6.1,69,8,5,8,108.5
Zeon Chriss,UL,QB,102,153,66.7,1222,8.0,87,11,5,8,150.9
Andrew Peasley,WYO,QB,109,184,59.2,1195,6.5,66,15,4,16,136.4
Trenton Bourguet,ASU,QB,112,177,63.3,1195,6.8,66,1,3,5,118.5
Cardell Williams,TLSA,QB,79,132,59.8,1149,8.7,80,10,7,15,147.4
Josh Hoover,TCU,QB,105,175,60.0,1148,6.6,42,7,7,3,120.3
Taylen Green,BOIS,QB,83,157,52.9,1142,7.3,59,6,6,5,118.9
Brendon Lewis,NEV,QB,110,206,53.4,1133,5.5,73,2,6,18,97.0
Tanner Mordecai,WIS,QB,114,179,63.7,1127,6.3,45,3,3,8,118.8
Anthony Colandrea,UVA,QB,84,139,60.4,1123,8.1,75,7,7,10,134.8
Riley Leonard,DUKE,QB,95,165,57.6,1102,6.7,47,3,3,7,116.0
Noah Kim,MSU,QB,91,160,56.9,1090,6.8,72,6,6,5,119.0
Jayden de Laura,ARIZ,QB,87,126,69.0,1069,8.5,55,9,5,6,155.9
Alex Flinn,ECU,QB,105,204,51.5,1063,5.2,39,4,7,19,94.9
Taisun Phommachanh,MASS,QB,99,159,62.3,1038,6.5,71,4,3,18,121.6
Tony Muskett,UVA,QB,93,147,63.3,1031,7.0,64,6,5,22,128.8
Connor Bazelak,BGSU,QB,93,161,57.8,1023,6.4,58,7,6,14,118.0
Ken Seals,VAN,QB,85,142,59.9,1018,7.2,85,9,4,12,135.4
Christian Veilleux,PITT,QB,81,162,50.0,1018,6.3,82,6,7,7,106.4
Jack Turner,LT,QB,83,143,58.0,1011,7.1,85,5,5,4,122.0
Timmy McClain,UCF,QB,62,97,63.9,1008,10.4,69,9,2,10,177.7
Maddux Madsen,BOIS,QB,75,121,62.0,989,8.2,83,7,3,5,144.8
Conner Weigman,TA&M,QB,82,119,68.9,979,8.2,44,8,2,3,156.8
Behren Morton,TTU,QB,96,155,61.9,978,6.3,44,10,2,9,133.6
Brennan Armstrong,NCSU,QB,94,160,58.8,971,6.1,64,5,6,9,112.5
Heinrich Haarberg,NEB,QB,76,152,50.0,967,6.4,73,7,6,19,110.7
McCae Hillstead,USU,QB,81,135,60.0,952,7.1,76,10,7,13,133.3
Gavin Hardison,UTEP,QB,73,129,56.6,947,7.3,51,5,7,14,120.2
Trexler Ivey,CLT,QB,77,137,56.2,946,6.9,51,4,4,13,118.0
Michael Alaimo,KENT,QB,79,144,54.9,932,6.5,43,2,4,27,108.3
Bryson Barnes,UTAH,QB,86,146,58.9,930,6.4,70,8,5,8,123.6
Zion Webb,JVST,QB,74,147,50.3,927,6.3,63,5,4,7,109.1
Ben Bryant,NU,QB,95,161,59.0,926,5.8,80,6,3,15,115.9
Tayven Jackson,IU,QB,78,128,60.9,914,7.1,41,2,5,8,118.3
Cade McConnell,UTEP,QB,56,106,52.8,909,8.6,80,4,2,9,133.5
Jeff Undercuffler Jr.,AKR,QB,83,135,61.5,896,6.6,39,4,6,13,118.1
Carlos Davis,MASS,QB,62,101,61.4,886,8.8,67,6,3,6,148.7
Jiya Wright,ULM,QB,74,139,53.2,881,6.3,68,8,6,11,116.8
Brendan Sorsby,IU,QB,77,138,55.8,875,6.3,90,7,1,9,124.4
Hayden Wolff,WMU,QB,88,132,66.7,867,6.6,49,5,2,8,131.3
Fernando Mendoza,CAL,QB,74,123,60.2,825,6.7,48,6,4,5,126.1
Phil Jurkovec,PITT,QB,57,112,50.9,818,7.3,75,6,3,12,124.6
Ethan Garbers,UCLA,QB,64,94,68.1,786,8.4,49,6,3,9,153.0
Bryson Daily,ARMY,QB,49,99,49.5,780,7.9,80,6,6,6,123.6
Braedyn Locke,WIS,QB,76,152,50.0,777,5.1,54,5,1,6,102.5
Tyler Shough,TTU,QB,67,111,60.4,746,6.7,46,7,4,9,130.4
Zac Larrier,AFA,QB,37,62,59.7,744,12.0,94,6,2,7,186.0
DJ Irons,AKR,QB,88,133,66.2,722,5.4,77,3,3,14,114.7
MJ Morris,NCSU,QB,63,113,55.8,719,6.4,72,7,5,9,120.8
Brendan Sullivan,NU,QB,63,99,63.6,714,7.2,66,6,2,24,140.2
Treyson Bourguet,WMU,QB,57,103,55.3,713,6.9,64,4,1,7,124.4
Jalon Daniels,KU,QB,56,75,74.7,705,9.4,59,5,1,5,173.0
Blake Murphy,ULM,QB,50,94,53.2,701,7.5,54,3,4,7,117.9
Katin Houser,MSU,QB,64,109,58.7,674,6.2,61,3,2,8,116.1
Logan Smothers,JVST,QB,60,107,56.1,655,6.1,37,6,3,6,120.4
Sawyer Robertson,BAY,QB,48,97,49.5,647,6.7,55,1,4,6,100.7
Jalon Jones,CLT,QB,64,104,61.5,623,6.0,48,2,4,12,110.5
Ben Finley,CAL,QB,54,93,58.1,572,6.2,50,3,4,3,111.8
Layne Hatcher,BALL,QB,61,95,64.2,565,5.9,57,4,1,11,126.0
Sam Jackson V,CAL,QB,51,96,53.1,556,5.8,36,5,2,5,114.8
Tai Lavatai,NAVY,QB,40,75,53.3,522,7.0,58,4,2,4,124.1
Casey Thompson,FAU,QB,50,79,63.3,509,6.4,72,5,5,3,125.6
Ben Wooldridge,UL,QB,39,69,56.5,508,7.4,50,5,1,3,139.4
Cade McNamara,IOWA,QB,46,90,51.1,505,5.6,36,4,3,8,106.2
Nate Johnson,UTAH,QB,39,72,54.2,499,6.9,49,3,0,8,126.1
Grant Wells,VT,QB,34,64,53.1,497,7.8,44,5,2,3,137.9
Deacon Hill,IOWA,QB,47,113,41.6,492,4.4,36,3,4,11,79.8
Kai Horton,TULN,QB,31,62,50.0,485,7.8,57,3,2,7,125.2
Kadin Semonza,BALL,QB,50,82,61.0,480,5.9,27,3,5,6,110.0
Maalik Murphy,TEX,QB,39,70,55.7,465,6.6,47,3,3,1,117.1
Justin Lamson,STAN,QB,32,66,48.5,443,6.7,38,0,1,11,101.8
Tommy Ulatowski,KENT,QB,34,71,47.9,437,6.2,43,6,1,3,124.7
AJ Bianco,NEV,QB,29,51,56.9,428,8.4,77,2,2,9,132.5
Jarrett Guest,CCU,QB,18,25,72.0,417,16.7,64,4,1,0,256.9
Jake Strong,TTU,QB,35,65,53.8,409,6.3,72,2,6,0,98.4
Mason Garcia,ECU,QB,48,95,50.5,408,4.3,45,1,2,3,85.9
Jaden Rashada,ASU,QB,34,60,56.7,403,6.7,65,3,1,4,126.3
Logan Fife,FRES,QB,32,55,58.2,390,7.1,29,2,1,5,126.1
Mike Wright,MSST,QB,43,76,56.6,385,5.1,32,3,3,3,104.3
Camden Orth,BGSU,QB,31,51,60.8,354,6.9,42,3,4,3,122.8
Jack Shields,ODU,QB,25,47,53.2,353,7.5,49,2,3,10,117.6
Jack Salopek,WMU,QB,42,63,66.7,316,5.0,31,1,2,5,107.7
Miller Moss,USC,QB,23,32,71.9,309,9.7,71,1,0,0,163.3
Kiael Kelly,BALL,QB,33,66,50.0,300,4.5,28,0,1,7,85.1
Eddie Lee Marburger,UTSA,QB,29,47,61.7,300,6.4,72,3,1,4,132.1
Emory Williams,MIA,QB,36,48,75.0,295,6.1,25,1,1,2,129.3
Bert Emanuel Jr.,CMU,QB,19,37,51.4,286,7.7,56,3,3,6,126.8
Gio Lopez,USA,QB,27,42,64.3,283,6.7,35,1,2,1,119.2
Carlos Del Rio-Wilson,SYR,QB,26,51,51.0,282,5.5,48,3,6,3,93.3
Stone Earle,UNT,QB,22,40,55.0,274,6.8,59,4,4,5,125.5
Drew Pyne,ASU,QB,26,49,53.1,273,5.6,52,2,3,11,101.1
Avery Johnson,KSU,QB,21,30,70.0,268,8.9,43,2,0,1,167.0
Champ Harris,ARMY,QB,19,34,55.9,260,7.6,43,0,3,7,102.5
CJ Harris,OHIO,QB,25,49,51.0,248,5.1,22,2,3,2,94.8
Nicco Marchiol,WVU,QB,30,49,61.2,247,5.0,29,2,2,5,108.9
Ty Thompson,ORE,QB,20,25,80.0,238,9.5,60,3,0,0,199.6
Steve Angeli,ND,QB,16,21,76.2,236,11.2,42,3,0,0,217.7
Henry Belin IV,DUKE,QB,13,26,50.0,232,8.9,69,3,1,2,155.3
Aidan Chiles,ORST,QB,18,25,72.0,229,9.2,52,3,0,2,188.5
J.T. Shrout,ARST,QB,24,51,47.1,227,4.5,47,0,2,1,76.6
Dylan Morris,WASH,QB,9,14,64.3,224,16.0,57,1,1,0,208.0
John Paddock,ILL,QB,15,26,57.7,222,8.5,46,2,0,2,154.8
Jeff Sims,NEB,QB,20,34,58.8,220,6.5,34,1,4,5,99.4
Grayson James,FIU,QB,19,37,51.4,218,5.9,60,1,1,6,104.4
Jake Retzlaff,BYU,QB,24,42,57.1,210,5.0,23,0,0,3,99.1
Braylon Braxton,TLSA,QB,19,44,43.2,209,4.8,37,1,5,5,67.9
Gunnar Gundy,OKST,QB,21,34,61.8,202,5.9,39,1,0,5,121.4
Doug Brumfield,UNLV,QB,23,41,56.1,201,4.9,29,0,2,7,87.5
Tucker Gleason,TOL,QB,14,21,66.7,199,9.5,36,4,0,0,209.1
Kevin Jennings,SMU,QB,16,20,80.0,198,9.9,27,3,0,2,212.7
Devin Brown,OSU,QB,12,22,54.5,197,9.0,58,2,1,3,150.7
Garrett Nussmeier,LSU,QB,17,33,51.5,196,5.9,51,1,0,0,111.4
Brady Lichtenberg,CIN,QB,13,21,61.9,194,9.2,65,2,0,0,170.9
Tahj Bullock,AKR,QB,25,52,48.1,191,3.7,23,1,3,6,73.7
Devon Dampier,UNM,QB,16,23,69.6,189,8.2,28,4,0,0,196.0
Quincy Patterson,TEM,QB,20,48,41.7,184,3.8,28,0,3,7,61.4
Ethan Vasko,CCU,QB,18,33,54.5,181,5.5,32,1,1,2,104.6
John Mateer,WSU,QB,10,13,76.9,177,13.6,72,2,1,0,226.7
Owen McCown,UTSA,QB,19,23,82.6,176,7.7,43,2,1,2,166.9
Joseph Fagnano,CONN,QB,18,35,51.4,173,4.9,28,0,1,4,87.2
Garret Rangel,OKST,QB,17,29,58.6,172,5.9,30,2,1,1,124.3
Jackson Arnold,OU,QB,13,15,86.7,169,11.3,50,2,0,0,225.3
Michael Kern,WAKE,QB,14,22,63.6,166,7.5,24,0,0,5,127.0
Aveon Smith,M-OH,QB,11,23,47.8,163,7.1,46,1,0,5,121.7
Brock Vandagriff,UGA,QB,11,17,64.7,160,9.4,56,2,0,0,182.6
Tate Rodemaker,FSU,QB,7,8,87.5,159,19.9,44,3,0,0,378.2
Spencer Sanders,MISS,QB,11,17,64.7,156,9.2,43,2,0,0,180.6
Evan Svoboda,WYO,QB,18,30,60.0,152,5.1,20,0,1,1,95.9
Santino Marucci,WAKE,QB,12,21,57.1,151,7.2,33,1,2,3,114.2
Ethan Hampton,NIU,QB,19,33,57.6,147,4.5,17,2,2,0,102.9
Robby Ashford,AUB,QB,14,26,53.8,145,5.6,39,2,1,2,118.4
Kevin Hurley,UTEP,QB,8,19,42.1,139,7.3,40,1,0,1,120.9
Sam Leavitt,MSU,QB,15,23,65.2,139,6.0,29,2,2,3,127.3
Jaxon Dailey,ARST,QB,17,33,51.5,137,4.2,25,0,0,5,86.4
Jack Tuttle,MICH,QB,15,17,88.2,130,7.6,24,1,0,0,171.9
Jacob Conover,ASU,QB,11,38,28.9,130,3.4,31,0,3,5,41.9
Chandler Fields,UL,QB,12,20,60.0,126,6.3,23,0,2,4,92.9
Xavier Arline,NAVY,QB,6,15,40.0,124,8.3,39,1,0,3,131.4
Ahmad Haston,MASS,QB,8,14,57.1,122,8.7,65,1,1,1,139.6
Roman Fuller,TLSA,QB,20,30,66.7,121,4.0,16,2,3,1,102.5
Hunter Herring,ULM,QB,16,30,53.3,121,4.0,28,1,0,1,98.2
Landry Lyddy,UAB,QB,14,22,63.6,121,5.5,29,1,3,3,97.6
Haden Carlson,FIU,QB,6,9,66.7,116,12.9,33,0,0,3,174.9
Grayson Loftis,DUKE,QB,10,24,41.7,116,4.8,29,1,1,2,87.7
Clay Millen,CSU,QB,15,24,62.5,110,4.6,16,0,1,1,92.7
RJ Martinez,BAY,QB,12,23,52.2,110,4.8,29,0,0,0,92.4
Tevin Carter,MEM,QB,3,4,75.0,101,25.3,85,1,0,0,369.6
Grant Gunnell,SHSU,QB,14,22,63.6,100,4.5,26,0,1,2,92.7
Ike Udengwu III,EMU,QB,13,28,46.4,100,3.6,17,0,2,2,62.1
Eli Stowers,NMSU,QB,4,8,50.0,99,12.4,63,1,0,0,195.2
Nico Iamaleava,TENN,QB,7,14,50.0,97,6.9,28,1,0,1,131.8
Emmett Morehead,BC,QB,12,23,52.2,96,4.2,16,0,0,0,87.2
Chase Jenkins,RICE,QB,12,18,66.7,92,5.1,37,0,1,1,98.5
Braxton Woodson,NAVY,QB,8,22,36.4,92,4.2,69,1,0,6,86.5
LaNorris Sellers,SC,QB,4,4,100.0,86,21.5,50,2,0,0,445.6
Ryan Hilinski,NU,QB,1,1,100.0,85,85.0,85,1,0,0,1144.0
Blake Horvath,NAVY,QB,6,12,50.0,84,7.0,68,2,0,1,163.8
JC French,GASO,QB,11,12,91.7,83,6.9,15,0,1,2,133.1
Hunter Helms,CLEM,QB,9,10,90.0,83,8.3,18,0,0,0,159.7
Beau Pribula,PSU,QB,7,17,41.2,81,4.8,30,2,0,1,120.0
Jay Butterfield,SJSU,QB,7,11,63.6,80,7.3,29,1,0,1,154.7
Ty Simpson,ALA,QB,6,11,54.5,78,7.1,45,0,0,5,114.1
Cole Pennington,MRSH,QB,12,23,52.2,77,3.3,17,0,2,1,62.9
Nate Yarnell,PITT,QB,2,3,66.7,75,25.0,50,1,0,0,386.7
Harrison Barker,UAB,QB,6,13,46.2,75,5.8,32,1,1,1,104.6
Chuck Montgomery,MRSH,WR,1,2,50.0,75,37.5,75,1,0,0,530.0
Kirk Francis,TLSA,QB,6,16,37.5,74,4.6,40,0,1,0,63.8
Ryan Burger,APP,QB,7,11,63.6,73,6.6,24,1,0,2,149.4
Conner Harrell,UNC,QB,4,6,66.7,71,11.8,41,1,0,0,221.1
Holman Edwards,USM,QB,8,19,42.1,70,3.7,20,0,1,5,62.5
Levi Williams,USU,QB,5,8,62.5,68,8.5,47,2,0,0,216.4
Holden Geriner,AUB,QB,4,9,44.4,67,7.4,30,0,0,1,107.0
Chris Parson,MSST,QB,6,14,42.9,67,4.8,34,0,0,3,83.1
Sean Atkins,USF,WR,2,2,100.0,66,33.0,39,0,0,0,377.2
Parker Navarro,OHIO,QB,7,10,70.0,65,6.5,32,2,1,0,170.6
Turner Helton,WKU,QB,5,5,100.0,65,13.0,26,1,0,0,275.2
Ui Ale,HOU,QB,3,7,42.9,65,9.3,58,1,0,0,168.0
Tyler Buchner,ALA,QB,8,19,42.1,61,3.2,20,0,0,0,69.1
Cameron Skattebo,ASU,RB,3,5,60.0,60,12.0,25,0,0,0,160.8
Forrest Brock,TEM,QB,7,15,46.7,60,4.0,22,0,1,3,66.9
AJ Padgett,RICE,QB,7,10,70.0,59,5.9,27,1,0,1,152.6
Alex Padilla,SMU,QB,4,5,80.0,58,11.6,26,0,0,0,177.4
Walker Howard,MISS,QB,3,4,75.0,56,14.0,29,0,0,0,192.6
Terrell McDonald,UAB,TE,1,1,100.0,55,55.0,55,0,0,0,562.0
Markel Johnson,ARMY,RB,1,1,100.0,55,55.0,55,0,0,0,562.0
Sam Horn,MIZ,QB,3,5,60.0,54,10.8,31,1,1,0,176.7
DJ Riles,MTSU,QB,4,5,80.0,53,10.6,37,0,0,0,169.0
Gunner Stockton,UGA,QB,6,9,66.7,52,5.8,20,0,1,1,93.0
Jaelen Gill,FRES,WR,2,2,100.0,51,25.5,32,2,0,0,644.2
Malik Hornsby,TXST,QB,4,7,57.1,51,7.3,21,0,1,0,89.8
Harrison Bailey,LOU,QB,3,5,60.0,51,10.2,34,1,0,0,211.7
Ashton Frye,JVST,QB,5,11,45.5,51,4.6,19,0,0,0,84.4
Jayden Denegal,MICH,QB,4,5,80.0,50,10.0,35,1,0,0,230.0
Max Brown,FLA,QB,6,7,85.7,50,7.1,16,0,0,0,145.7
Goose Crowder,TROY,QB,5,6,83.3,49,8.2,26,0,0,1,151.9
John Alan Richter,TOL,QB,3,4,75.0,49,12.3,33,0,0,0,177.9
Trace Campbell,UAB,QB,4,9,44.4,47,5.2,20,0,0,0,88.3
Brock Domann,LOU,QB,5,5,100.0,44,8.8,17,0,0,0,173.9
Donaven McCulley,IU,WR,1,1,100.0,44,44.0,44,1,0,0,799.6
Walter Taylor,VAN,QB,5,15,33.3,44,2.9,28,0,1,3,44.6
Paul Tyson,CLEM,QB,3,4,75.0,42,10.5,24,1,0,0,245.7
Jaylin Noel,ISU,WR,1,1,100.0,42,42.0,42,0,0,0,452.8
Alante Brown,MSU,WR,1,1,100.0,42,42.0,42,0,0,0,452.8
Bryce Archie,USF,QB,5,10,50.0,42,4.2,18,0,0,4,85.3
Noah Smith,SHSU,WR,2,3,66.7,40,13.3,26,0,0,1,178.7
Lincoln Victor,WSU,WR,1,2,50.0,39,19.5,39,0,0,0,213.8
Luke Bauer,MIZ,PK,1,1,100.0,39,39.0,39,1,0,0,757.6
Chandler Pittman,USM,RB,1,1,100.0,38,38.0,38,1,0,0,749.2
CJ Ogbonna,BUFF,QB,5,15,33.3,38,2.5,24,1,2,0,49.9
Dom Shoffner,CLT,QB,4,7,57.1,37,5.3,20,0,0,0,101.5
Parker Kingston,BYU,WR,1,1,100.0,37,37.0,37,1,0,0,740.8
Gaston Moore,TENN,QB,4,7,57.1,36,5.1,19,0,0,1,100.3
Xavier Worthy,TEX,WR,1,1,100.0,35,35.0,35,0,0,0,394.0
Javion Posey,FAU,WR,1,1,100.0,33,33.0,33,1,0,0,707.2
Hayden Timosciek,BGSU,QB,6,10,60.0,33,3.3,12,0,2,0,47.7
Kai Kroeger,SC,P,1,2,50.0,32,16.0,32,0,0,0,184.4
Jake McNamara,UTEP,QB,3,7,42.9,32,4.6,15,0,1,0,52.7
Martin Blake,SDSU,RB,1,1,100.0,32,32.0,32,0,0,0,368.8
Evan Simon,RUTG,QB,2,3,66.7,30,10.0,20,1,0,0,260.7
Tory Horton,CSU,WR,1,2,50.0,30,15.0,30,1,1,0,241.0
Braden Smith,CIN,WR,1,3,33.3,30,10.0,30,0,0,0,117.3
Jacolby Criswell,ARK,QB,2,2,100.0,28,14.0,14,1,0,0,382.6
Fred Farrier II,UAB,WR,1,1,100.0,28,28.0,28,0,0,0,335.2
Dylan Rizk,UCF,QB,4,5,80.0,28,5.6,15,0,0,1,127.0
OJ Arnold,GASO,RB,1,1,100.0,26,26.0,26,1,0,0,648.4
Savion Red,TEX,RB,1,1,100.0,25,25.0,25,0,0,0,310.0
Wyatt Begeal,ARST,WR,1,1,100.0,24,24.0,24,0,0,0,301.6
Giles Pooler,CSU,QB,1,1,100.0,24,24.0,24,1,0,0,631.6
Simeon Evans,SHSU,QB,1,1,100.0,23,23.0,23,0,0,0,293.2
Ajani Sheppard,RUTG,QB,2,2,100.0,23,11.5,13,0,0,0,196.6
Collin Schlee,UCLA,QB,3,13,23.1,22,1.7,15,0,2,0,6.5
Jeshaun Jones,MD,WR,1,1,100.0,21,21.0,21,0,0,0,276.4
Zach Pyron,GT,QB,4,8,50.0,21,2.6,20,0,1,0,47.1
Traylon Ray,WVU,WR,1,1,100.0,21,21.0,21,0,0,0,276.4
Grady Brosterhous,UVA,QB,1,1,100.0,21,21.0,21,0,0,0,276.4
James Ferguson-Reynolds,BOIS,P,1,1,100.0,21,21.0,21,0,0,0,276.4
Larry Robinson,ARMY,QB,2,6,33.3,20,3.3,13,0,1,0,28.0
Will Pauling,WIS,WR,1,1,100.0,19,19.0,19,0,0,0,259.6
Thomas Leo,UL,PK,1,1,100.0,18,18.0,18,0,0,0,251.2
Nick Haberer,WSU,P,1,1,100.0,18,18.0,18,0,0,0,251.2
Cameron Edge,MD,QB,2,3,66.7,18,6.0,11,0,0,1,117.1
Luke Doty,SC,QB,2,4,50.0,17,4.3,11,0,0,1,85.7
Chase Penry,BOIS,WR,1,1,100.0,17,17.0,17,0,0,0,242.8
Deuce Spann,FSU,WR,1,1,100.0,17,17.0,17,0,0,0,242.8
J.J. Kohl,ISU,QB,8,9,88.9,17,1.9,8,0,0,1,104.8
Micah Leon,FLA,QB,2,3,66.7,16,5.3,9,0,0,0,111.5
Chase Griffin,UCLA,QB,1,1,100.0,16,16.0,16,0,0,1,234.4
DC Tabscott,UNM,QB,1,5,20.0,16,3.2,16,0,1,0,6.9
Malachi Thomas,VT,RB,1,1,100.0,16,16.0,16,1,0,0,564.4
Brett Griffis,JMU,QB,2,2,100.0,16,8.0,11,0,0,0,167.2
Colten Gauthier,SC,QB,1,2,50.0,15,7.5,15,0,0,0,113.0
Bryce Damous,UAB,TE,1,1,100.0,15,15.0,15,0,0,0,226.0
Alonza Barnett III,JMU,QB,3,11,27.3,15,1.4,8,0,1,0,20.5
Germie Bernard,WASH,WR,1,1,100.0,14,14.0,14,0,0,0,217.6
Jake Farrell,HAW,QB,3,8,37.5,14,1.8,6,0,1,0,27.2
Austin Novosad,ORE,QB,4,4,100.0,14,3.5,9,0,0,0,129.4
Emmett Brown,WSU,QB,2,4,50.0,14,3.5,9,0,1,0,29.4
Kenny Minchey,ND,QB,2,2,100.0,12,6.0,8,0,0,0,150.4
Jackson Brousseau,CSU,QB,1,2,50.0,12,6.0,12,0,0,0,100.4
Dalen Morris,HAW,QB,1,1,100.0,11,11.0,11,0,0,0,192.4
Trey Potts,PSU,RB,1,1,100.0,11,11.0,11,1,0,0,522.4
Jensen Jones,AFA,QB,1,2,50.0,11,5.5,11,0,0,0,96.2
Billy Atkins,JMU,QB,1,2,50.0,10,5.0,10,0,0,1,92.0
Jack Lausch,NU,QB,2,3,66.7,10,3.3,6,0,0,1,94.7
Jalen McMillan,WASH,WR,1,1,100.0,9,9.0,9,0,0,0,175.6
Donovan Brown,SYR,WR,1,1,100.0,9,9.0,9,0,0,0,175.6
TJ McMahon,MRSH,QB,1,1,100.0,8,8.0,8,0,0,0,167.2
Treshaun Ward,KSU,RB,1,1,100.0,8,8.0,8,1,0,0,497.2
Grant Tisdale,TCU,QB,1,1,100.0,8,8.0,8,0,0,0,167.2
Logan Lupo,FAU,P,1,1,100.0,8,8.0,8,0,0,0,167.2
Broc Lowry,IU,QB,1,1,100.0,8,8.0,8,0,0,0,167.2
Hunter Renner,NU,P,1,1,100.0,7,7.0,7,0,0,0,158.8
Justin Lynch,NIU,RB,1,1,100.0,7,7.0,7,1,0,0,488.8
Brady Allen,LOU,QB,1,1,100.0,7,7.0,7,0,0,0,158.8
Pierce Clarkson,LOU,QB,1,2,50.0,7,3.5,7,0,0,0,79.4
Bennett Meredith,PUR,QB,2,4,50.0,7,1.8,8,0,0,0,64.7
Devaughn Vele,UTAH,WR,1,3,33.3,6,2.0,6,0,0,0,50.1
Jake Rubley,KSU,QB,1,1,100.0,5,5.0,5,0,0,0,142.0
Kaiya Sheron,UK,QB,2,4,50.0,5,1.3,11,0,0,0,60.5
Taji Hudson,JMU,WR,1,1,100.0,4,4.0,4,1,0,0,463.6
Mikele Colasurdo,GAST,QB,1,1,100.0,3,3.0,3,0,0,1,125.2
Jefferson Boaz,UNC,QB,1,1,100.0,3,3.0,3,0,0,0,125.2
Brennan Presley,OKST,WR,1,1,100.0,3,3.0,3,0,0,0,125.2
Zion Turner,CONN,QB,1,2,50.0,3,1.5,3,0,0,0,62.6
Rickie Collins,LSU,QB,2,2,100.0,3,1.5,2,0,0,0,112.6
Ryan Staub,COLO,QB,1,2,50.0,3,1.5,3,0,0,1,62.6
Keldric Luster,SMU,QB,1,2,50.0,3,1.5,3,0,0,0,62.6
Billy Edwards Jr.,MD,QB,4,10,40.0,2,0.2,3,0,1,0,21.7
Micah Davis,USU,WR,1,1,100.0,2,2.0,2,0,0,0,116.8
LJ Martin,BYU,RB,1,1,100.0,2,2.0,2,0,0,0,116.8
Ryan Sanborn,TEX,P,1,1,100.0,1,1.0,1,0,0,0,108.4
Stephen Kotsanlee,USU,P,1,1,100.0,1,1.0,1,0,0,0,108.4
Raheim Jeter,ECU,QB,1,2,50.0,1,0.5,1,0,0,0,54.2
Ryan Bujcevski,SMU,P,0,1,0.0,0,0.0,0,0,0,0,0.0
Deshaun Fenwick,ORST,RB,0,1,0.0,0,0.0,0,0,0,0,0.0
Johnathan Bennett,LIB,QB,0,3,0.0,0,0.0,0,0,0,0,0.0
Joshua Cephus,UTSA,WR,0,1,0.0,0,0.0,0,0,1,1,-200.0
Luke McCaffrey,RICE,WR,0,1,0.0,0,0.0,0,0,0,0,0.0
Cole Kramer,MINN,QB,0,1,0.0,0,0.0,0,0,1,0,-200.0
Kobe Hudson,UCF,WR,0,1,0.0,0,0.0,0,0,0,0,0.0
Micah Bowens,CLT,QB,0,0,0.0,0,0.0,0,0,0,1,0.0
Drake Dabney,BAY,TE,0,1,0.0,0,0.0,0,0,0,0,0.0
Frank Gore Jr.,USM,RB,0,2,0.0,0,0.0,0,0,0,1,0.0
Chubba Purdy,NEB,QB,0,2,0.0,0,0.0,0,0,0,0,0.0
KeAndre Lambert-Smith,PSU,WR,0,1,0.0,0,0.0,0,0,0,0,0.0
RJ Harvey,UCF,RB,0,1,0.0,0,0.0,0,0,0,1,0.0
Ryan O'Keefe,BC,WR,0,1,0.0,0,0.0,0,0,0,0,0.0
Alexander Honig,CONN,TE,0,1,0.0,0,0.0,0,0,0,0,0.0
Michael Johnson Jr.,FAU,QB,0,1,0.0,0,0.0,0,0,0,0,0.0
Jermaine Brown Jr.,UAB,RB,0,1,0.0,0,0.0,0,0,0,0,0.0
Nick Nash,SJSU,WR,0,1,0.0,0,0.0,0,0,0,0,0.0
Brett Buckman,CONN,WR,0,0,0.0,0,0.0,0,0,0,1,0.0
Avery Boyd,GT,WR,0,1,0.0,0,0.0,0,0,0,0,0.0
Shawn Charles,ASU,WR,0,0,0.0,0,0.0,0,0,0,1,0.0
Montorie Foster Jr.,MSU,WR,0,1,0.0,0,0.0,0,0,0,0,0.0
Jaylin Lane,VT,WR,0,1,0.0,0,0.0,0,0,0,0,0.0
Dan Villari,SYR,TE,0,1,0.0,0,0.0,0,0,0,0,0.0
Zahir Abdus-Salaam,WMU,RB,0,1,0.0,0,0.0,0,0,1,0,-200.0
Joseph Manjack IV,HOU,WR,0,1,0.0,0,0.0,0,0,0,0,0.0
Brady Olson,MASS,QB,0,3,0.0,0,0.0,0,0,1,0,-66.7
Justin Ibieta,TULN,QB,0,1,0.0,0,0.0,0,0,0,0,0.0
Charlie Pollock,MISS,P,0,1,0.0,0,0.0,0,0,1,0,-200.0
JP Richardson,TCU,WR,0,1,0.0,0,0.0,0,0,1,0,-200.0
AJ Duffy,FSU,QB,0,0,0.0,0,0.0,0,0,0,1,0.0
Justyn Martin,UCLA,QB,0,0,0.0,0,0.0,0,0,0,1,0.0
Devin Kargman,KENT,QB,0,0,0.0,0,0.0,0,0,0,1,0.0
Tyson Riley,ARMY,RB,0,1,0.0,0,0.0,0,0,0,0,0.0
Brian Garcia,ULM,QB,0,2,0.0,0,0.0,0,0,0,1,0.0
Kahleil Jackson,FLA,WR,0,1,0.0,0,0.0,0,0,1,0,-200.0
Ollie Gordon II,OKST,RB,0,1,0.0,0,0.0,0,0,1,0,-200.0
Kevin Concepcion,NCSU,WR,0,1,0.0,0,0.0,0,0,0,0,0.0
Malachi Nelson,USC,QB,1,3,33.3,0,0.0,0,0,0,0,33.3
Davis Warren,MICH,QB,0,5,0.0,0,0.0,0,0,1,0,-40.0
Tyrone Howell,ULM,WR,0,1,0.0,0,0.0,0,0,0,0,0.0
Dalen Cobb,GASO,WR,0,1,0.0,0,0.0,0,0,0,0,0.0
Cam'Ron McCoy,EMU,QB,0,1,0.0,0,0.0,0,0,1,0,-200.0
Tiger Bachmeier,STAN,WR,0,1,0.0,0,0.0,0,0,0,0,0.0
Ethan Crawford,USM,QB,0,2,0.0,0,0.0,0,0,0,0,0.0
Jalen Royals,USU,WR,0,1,0.0,0,0.0,0,0,0,0,0.0
Tobin O'Dell,SDSU,QB,1,2,50.0,0,0.0,0,0,1,1,-50.0
Navy Shuler,TENN,QB,1,1,100.0,-1,-1.0,0,0,0,0,91.6
Kyle Lowe,MTSU,QB,1,1,100.0,-1,-1.0,0,0,0,0,91.6
Jacob Cowing,ARIZ,WR,1,1,100.0,-2,-2.0,0,0,0,0,83.2
Zechariah Ramirez,SDSU,PK,1,1,100.0,-2,-2.0,-2,0,0,0,83.2
Bronson Barron,WKU,QB,1,2,50.0,-3,-1.5,0,0,1,1,-62.6
Kyre Duplessis,CCU,WR,1,2,50.0,-7,-3.5,0,0,0,0,20.6
Dewayne Coleman,ARMY,QB,1,1,100.0,-14,-14.0,11,0,0,0,-17.6
